DEPARTAMENTO;"GRUPO 
DE CULTIVO";DESAGREGACI흁 REGIONAL Y/O SISTEMA PRODUCTIVO;Hect痙eas sembradas, 2007-2012
AMAZONAS;CEREALES;ARROZ SECANO MANUAL;312
AMAZONAS;CEREALES;MAIZ TRADICIONAL;2124,5
AMAZONAS;FRUTALES;AGUACATE;70
AMAZONAS;FRUTALES;AGUAJE;325
AMAZONAS;FRUTALES;ARAZA;448
AMAZONAS;FRUTALES;ASAI;338
AMAZONAS;FRUTALES;BACURI;5
AMAZONAS;FRUTALES;BANANO;129
AMAZONAS;FRUTALES;BOROJO;14
AMAZONAS;FRUTALES;CAIMO;25
AMAZONAS;FRUTALES;CHONTADURO;89
AMAZONAS;FRUTALES;COCO;48
AMAZONAS;FRUTALES;COPOAZU;669
AMAZONAS;FRUTALES;FRUTALES VARIOS;237
AMAZONAS;FRUTALES;GUAMA;297
AMAZONAS;FRUTALES;GUANABANA;39
AMAZONAS;FRUTALES;GUAYABA;46
AMAZONAS;FRUTALES;LIMON;32
AMAZONAS;FRUTALES;MACADAMIA;5
AMAZONAS;FRUTALES;MANDARINA;13
AMAZONAS;FRUTALES;MANGO;142
AMAZONAS;FRUTALES;NARANJA;23
AMAZONAS;FRUTALES;PAPAYA;6
AMAZONAS;FRUTALES;PATILLA;37
AMAZONAS;FRUTALES;PEPA DE PAN;3
AMAZONAS;FRUTALES;PI헤;495
AMAZONAS;FRUTALES;POMARROSA;17
AMAZONAS;FRUTALES;UMARI;23
AMAZONAS;FRUTALES;UVA CAIMARONA;572
AMAZONAS;FRUTALES;ZAPOTE;2
AMAZONAS;HORTALIZAS;AHUYAMA;22
AMAZONAS;HORTALIZAS;AJI;143
AMAZONAS;HORTALIZAS;CEBOLLA DE RAMA;89
AMAZONAS;HORTALIZAS;CILANTRO;134,5
AMAZONAS;HORTALIZAS;PEPINO COHOMBRO;67
AMAZONAS;HORTALIZAS;PIMENTON;165,5
AMAZONAS;HORTALIZAS;TOMATE;107,5
AMAZONAS;LEGUMINOSAS;FRIJOL;36,5
AMAZONAS;LEGUMINOSAS;HABICHUELA;6
AMAZONAS;LEGUMINOSAS;MANI;13
AMAZONAS;OLEAGINOSAS;SACHA INCHI;3
AMAZONAS;OTROS PERMANENTES;CACAO;40
AMAZONAS;OTROS PERMANENTES;CA헤 PANELERA;171
AMAZONAS;PLANTAS AROMATICAS, CONDIMENTARIAS Y MEDICINALES;ACHICORIA;15
AMAZONAS;PLANTAS AROMATICAS, CONDIMENTARIAS Y MEDICINALES;CANYARANA;5
AMAZONAS;PLANTAS AROMATICAS, CONDIMENTARIAS Y MEDICINALES;CURCUMA;9
AMAZONAS;PLANTAS AROMATICAS, CONDIMENTARIAS Y MEDICINALES;JENGIBRE;5
AMAZONAS;PLANTAS AROMATICAS, CONDIMENTARIAS Y MEDICINALES;TANGARANA;2
AMAZONAS;TUBERCULOS Y PLATANOS;BATATA;7
AMAZONAS;TUBERCULOS Y PLATANOS;헤ME;7
AMAZONAS;TUBERCULOS Y PLATANOS;PAPA CHINA;1
AMAZONAS;TUBERCULOS Y PLATANOS;PLATANO;3106
AMAZONAS;TUBERCULOS Y PLATANOS;YUCA;6343
ANTIOQUIA;CEREALES;ARROZ SECANO MANUAL;56302,5
ANTIOQUIA;CEREALES;ARROZ SECANO MECANIZADO;19590
ANTIOQUIA;CEREALES;MAIZ FORRAJERO;150
ANTIOQUIA;CEREALES;MAIZ TECNIFICADO;19264
ANTIOQUIA;CEREALES;MAIZ TRADICIONAL;141966
ANTIOQUIA;FIBRAS;ALGODON;474
ANTIOQUIA;FIBRAS;FIQUE;13755
ANTIOQUIA;FLORES Y FOLLAJES;ANTURIO;5
ANTIOQUIA;FLORES Y FOLLAJES;ASTROMELIA;6
ANTIOQUIA;FLORES Y FOLLAJES;FLORES Y FOLLAJES;78
ANTIOQUIA;FLORES Y FOLLAJES;HELICONIA;79
ANTIOQUIA;FLORES Y FOLLAJES;HORTENSIA;1807
ANTIOQUIA;FLORES Y FOLLAJES;ORQUIDEA;4
ANTIOQUIA;FLORES Y FOLLAJES;ROSA;46
ANTIOQUIA;FORESTALES;CAUCHO;30130
ANTIOQUIA;FRUTALES;AGUACATE;30538
ANTIOQUIA;FRUTALES;BANANITO;351
ANTIOQUIA;FRUTALES;BANANO;6859
ANTIOQUIA;FRUTALES;BANANO EXPORTACION;200509
ANTIOQUIA;FRUTALES;BANANO MANZANO;2930
ANTIOQUIA;FRUTALES;BOROJO;715
ANTIOQUIA;FRUTALES;BREVO;114
ANTIOQUIA;FRUTALES;CHIRIMOYA;124
ANTIOQUIA;FRUTALES;CHONTADURO;85
ANTIOQUIA;FRUTALES;CITRICOS;1828
ANTIOQUIA;FRUTALES;COCO;3440
ANTIOQUIA;FRUTALES;COROZO;40
ANTIOQUIA;FRUTALES;CURUBA;317
ANTIOQUIA;FRUTALES;FRESA;1795
ANTIOQUIA;FRUTALES;FRUTALES VARIOS;80
ANTIOQUIA;FRUTALES;GRANADILLA;1742
ANTIOQUIA;FRUTALES;GUANABANA;1929
ANTIOQUIA;FRUTALES;GUAYABA;4907
ANTIOQUIA;FRUTALES;GUAYABA MANZANA;41
ANTIOQUIA;FRUTALES;GUAYABA PERA;76
ANTIOQUIA;FRUTALES;GULUPA;212
ANTIOQUIA;FRUTALES;HIGO;599
ANTIOQUIA;FRUTALES;LIMA TAHITI;1730
ANTIOQUIA;FRUTALES;LIMON;408
ANTIOQUIA;FRUTALES;LIMON MANDARINO;151
ANTIOQUIA;FRUTALES;LIMON PAJARITO;1194
ANTIOQUIA;FRUTALES;LULO;1589
ANTIOQUIA;FRUTALES;MAMONCILLO;307
ANTIOQUIA;FRUTALES;MANDARINA;7
ANTIOQUIA;FRUTALES;MANDARINA CLEMENTINA;261
ANTIOQUIA;FRUTALES;MANDARINA ONECO;2186
ANTIOQUIA;FRUTALES;MANGO;14349
ANTIOQUIA;FRUTALES;MANGO INJERTO;159
ANTIOQUIA;FRUTALES;MARACUYA;2395
ANTIOQUIA;FRUTALES;MORA;9448
ANTIOQUIA;FRUTALES;MURRAPO;5374
ANTIOQUIA;FRUTALES;NARANJA;621
ANTIOQUIA;FRUTALES;NARANJA JAFFA;8
ANTIOQUIA;FRUTALES;NARANJA SALUSTIANA;447
ANTIOQUIA;FRUTALES;NARANJA VALENCIA;13458
ANTIOQUIA;FRUTALES;NARANJA WASHINGTON NAVEL;366
ANTIOQUIA;FRUTALES;PAPAYA;278
ANTIOQUIA;FRUTALES;PAPAYA HAWAIANA;1493
ANTIOQUIA;FRUTALES;PATILLA;78
ANTIOQUIA;FRUTALES;PI헤;1278
ANTIOQUIA;FRUTALES;PITAHAYA;3
ANTIOQUIA;FRUTALES;TAMARINDO;223
ANTIOQUIA;FRUTALES;TANGELO MINEOLA;501
ANTIOQUIA;FRUTALES;TANGELO ORLANDO;302
ANTIOQUIA;FRUTALES;TOMATE DE ARBOL;16328
ANTIOQUIA;FRUTALES;UCHUVA;1078
ANTIOQUIA;FRUTALES;UVA;5
ANTIOQUIA;FRUTALES;ZAPOTE;463
ANTIOQUIA;HORTALIZAS;AHUYAMA;355,5
ANTIOQUIA;HORTALIZAS;AJI;398,5
ANTIOQUIA;HORTALIZAS;AJO;25,5
ANTIOQUIA;HORTALIZAS;APIO;325,5
ANTIOQUIA;HORTALIZAS;BROCOLI;545
ANTIOQUIA;HORTALIZAS;CEBOLLA DE BULBO;83
ANTIOQUIA;HORTALIZAS;CEBOLLA DE RAMA;2716
ANTIOQUIA;HORTALIZAS;CILANTRO;396
ANTIOQUIA;HORTALIZAS;COL;97
ANTIOQUIA;HORTALIZAS;COLIFLOR;100
ANTIOQUIA;HORTALIZAS;ESPARRAGO;2
ANTIOQUIA;HORTALIZAS;ESPINACA;143
ANTIOQUIA;HORTALIZAS;HORTALIZAS VARIAS;157
ANTIOQUIA;HORTALIZAS;LECHUGA;1730,5
ANTIOQUIA;HORTALIZAS;PEPINO COHOMBRO;79
ANTIOQUIA;HORTALIZAS;PIMENTON;1499,5
ANTIOQUIA;HORTALIZAS;REMOLACHA;1504,5
ANTIOQUIA;HORTALIZAS;REPOLLO;4144
ANTIOQUIA;HORTALIZAS;TOMATE;3392
ANTIOQUIA;HORTALIZAS;TOMATE INVERNADERO;892
ANTIOQUIA;HORTALIZAS;ZANAHORIA;5252,5
ANTIOQUIA;LEGUMINOSAS;ARVEJA;2255
ANTIOQUIA;LEGUMINOSAS;FRIJOL ARBUSTIVO;21045
ANTIOQUIA;LEGUMINOSAS;FRIJOL VOLUBLE;53333
ANTIOQUIA;LEGUMINOSAS;HABICHUELA;1413,5
ANTIOQUIA;OLEAGINOSAS;HIGUERILLA;11
ANTIOQUIA;OLEAGINOSAS;JATROPHA;39
ANTIOQUIA;OLEAGINOSAS;PALMA DE ACEITE;6191
ANTIOQUIA;OTROS PERMANENTES;CACAO;90812
ANTIOQUIA;OTROS PERMANENTES;CAFE;797151
ANTIOQUIA;OTROS PERMANENTES;CA헤 PANELERA;241809
ANTIOQUIA;PLANTAS AROMATICAS, CONDIMENTARIAS Y MEDICINALES;CARDAMOMO;2118
ANTIOQUIA;PLANTAS AROMATICAS, CONDIMENTARIAS Y MEDICINALES;CURCUMA;6
ANTIOQUIA;PLANTAS AROMATICAS, CONDIMENTARIAS Y MEDICINALES;MANZANILLA;8
ANTIOQUIA;PLANTAS AROMATICAS, CONDIMENTARIAS Y MEDICINALES;PIMIENTA;4
ANTIOQUIA;PLANTAS AROMATICAS, CONDIMENTARIAS Y MEDICINALES;PLANTAS AROMATICAS;23
ANTIOQUIA;PLANTAS AROMATICAS, CONDIMENTARIAS Y MEDICINALES;STEVIA;11
ANTIOQUIA;PLANTAS AROMATICAS, CONDIMENTARIAS Y MEDICINALES;TOMILLO;14
ANTIOQUIA;PLANTAS AROMATICAS, CONDIMENTARIAS Y MEDICINALES;VAINILLA;120
ANTIOQUIA;TUBERCULOS Y PLATANOS;ACHIN;6
ANTIOQUIA;TUBERCULOS Y PLATANOS;ARRACACHA;1185
ANTIOQUIA;TUBERCULOS Y PLATANOS;헤ME;10822
ANTIOQUIA;TUBERCULOS Y PLATANOS;헤ME DIAMANTE;680
ANTIOQUIA;TUBERCULOS Y PLATANOS;PAPA;40534,5
ANTIOQUIA;TUBERCULOS Y PLATANOS;PAPA CRIOLLA;3144,5
ANTIOQUIA;TUBERCULOS Y PLATANOS;PLATANO;266554
ANTIOQUIA;TUBERCULOS Y PLATANOS;PLATANO EXPORTACION;108027
ANTIOQUIA;TUBERCULOS Y PLATANOS;YUCA;59526
ARAUCA;CEREALES;ARROZ RIEGO;945
ARAUCA;CEREALES;ARROZ SECANO MECANIZADO;24753,5
ARAUCA;CEREALES;MAIZ TRADICIONAL;69220,5
ARAUCA;CEREALES;SORGO;430
ARAUCA;FRUTALES;AGUACATE;302
ARAUCA;FRUTALES;CITRICOS;2092
ARAUCA;FRUTALES;MARACUYA;9
ARAUCA;FRUTALES;PAPAYA;1016
ARAUCA;FRUTALES;PATILLA;80
ARAUCA;FRUTALES;PI헤;683
ARAUCA;OLEAGINOSAS;PALMA DE ACEITE;65
ARAUCA;OTROS PERMANENTES;CACAO;84914
ARAUCA;OTROS PERMANENTES;CAFE;150
ARAUCA;OTROS PERMANENTES;CA헤 MIEL;1514
ARAUCA;OTROS PERMANENTES;CA헤 PANELERA;3704
ARAUCA;PLANTAS AROMATICAS, CONDIMENTARIAS Y MEDICINALES;ACHIOTE (BIJA);285
ARAUCA;TUBERCULOS Y PLATANOS;PLATANO;142615
ARAUCA;TUBERCULOS Y PLATANOS;YUCA;48148
ATLANTICO;CEREALES;ARROZ RIEGO;1503,5
ATLANTICO;CEREALES;ARROZ SECANO MANUAL;2
ATLANTICO;CEREALES;MAIZ TECNIFICADO;2591
ATLANTICO;CEREALES;MAIZ TRADICIONAL;33982,5
ATLANTICO;CEREALES;MILLO;7223
ATLANTICO;CEREALES;SORGO;13393
ATLANTICO;FIBRAS;ALGODON;555
ATLANTICO;FIBRAS;PALMA AMARGA;90
ATLANTICO;FLORES Y FOLLAJES;EUCALIPTO BABY BLUE;37
ATLANTICO;FLORES Y FOLLAJES;FLORES Y FOLLAJES;12
ATLANTICO;FRUTALES;BANANO;6
ATLANTICO;FRUTALES;CIRUELA;2748
ATLANTICO;FRUTALES;COCO;11
ATLANTICO;FRUTALES;GUANABANA;8
ATLANTICO;FRUTALES;GUAYABA;2747
ATLANTICO;FRUTALES;LIMA TAHITI;76
ATLANTICO;FRUTALES;LIMON;5753
ATLANTICO;FRUTALES;MAMEY;3
ATLANTICO;FRUTALES;MANGO;7117
ATLANTICO;FRUTALES;MARA헲N;101
ATLANTICO;FRUTALES;MELON;1550,5
ATLANTICO;FRUTALES;NARANJA;468
ATLANTICO;FRUTALES;NISPERO;152
ATLANTICO;FRUTALES;NONI;1
ATLANTICO;FRUTALES;PAPAYA;324
ATLANTICO;FRUTALES;PATILLA;1771,5
ATLANTICO;FRUTALES;PI헤;43
ATLANTICO;FRUTALES;POMELO;30
ATLANTICO;FRUTALES;TAMARINDO;101
ATLANTICO;HORTALIZAS;AHUYAMA;1694
ATLANTICO;HORTALIZAS;AJI;924,5
ATLANTICO;HORTALIZAS;BERENJENA;80
ATLANTICO;HORTALIZAS;CEBOLLA DE RAMA;151
ATLANTICO;HORTALIZAS;CILANTRO;70
ATLANTICO;HORTALIZAS;COL;29,5
ATLANTICO;HORTALIZAS;HORTALIZAS VARIAS;1
ATLANTICO;HORTALIZAS;TOMATE;666,5
ATLANTICO;LEGUMINOSAS;FRIJOL;3534,5
ATLANTICO;LEGUMINOSAS;GUANDUL;8546
ATLANTICO;LEGUMINOSAS;HABICHUELA;283,5
ATLANTICO;LEGUMINOSAS;SOYA;204,5
ATLANTICO;OLEAGINOSAS;AJONJOLI;52
ATLANTICO;OLEAGINOSAS;HIGUERILLA;82
ATLANTICO;OLEAGINOSAS;PALMA DE ACEITE;1453
ATLANTICO;PLANTAS AROMATICAS, CONDIMENTARIAS Y MEDICINALES;FLOR DE JAMAICA;7
ATLANTICO;PLANTAS AROMATICAS, CONDIMENTARIAS Y MEDICINALES;SABILA;297
ATLANTICO;TUBERCULOS Y PLATANOS;BATATA;7
ATLANTICO;TUBERCULOS Y PLATANOS;헤ME;3622
ATLANTICO;TUBERCULOS Y PLATANOS;PLATANO;1433
ATLANTICO;TUBERCULOS Y PLATANOS;YUCA;50393
BOLIVAR;CEREALES;ARROZ RIEGO;15692,5
BOLIVAR;CEREALES;ARROZ SECANO MANUAL;34142
BOLIVAR;CEREALES;ARROZ SECANO MECANIZADO;37849
BOLIVAR;CEREALES;MAIZ TECNIFICADO;17978
BOLIVAR;CEREALES;MAIZ TRADICIONAL;289514
BOLIVAR;CEREALES;MILLO;7552,5
BOLIVAR;CEREALES;SORGO;6555
BOLIVAR;FIBRAS;ALGODON;13100
BOLIVAR;FORESTALES;CAUCHO;2449
BOLIVAR;FRUTALES;AGUACATE;24266
BOLIVAR;FRUTALES;CIRUELA;234
BOLIVAR;FRUTALES;COCO;2959
BOLIVAR;FRUTALES;GUANABANA;82
BOLIVAR;FRUTALES;GUAYABA;3185
BOLIVAR;FRUTALES;LIMON;471
BOLIVAR;FRUTALES;MANGO;7893
BOLIVAR;FRUTALES;MELON;2537,5
BOLIVAR;FRUTALES;NARANJA;5516
BOLIVAR;FRUTALES;NISPERO;100
BOLIVAR;FRUTALES;PAPAYA;7
BOLIVAR;FRUTALES;PATILLA;907
BOLIVAR;FRUTALES;PI헤;1305
BOLIVAR;FRUTALES;PITAHAYA;310
BOLIVAR;HORTALIZAS;AHUYAMA;2509,5
BOLIVAR;HORTALIZAS;AJI DULCE;2235
BOLIVAR;HORTALIZAS;AJI TABASCO;595
BOLIVAR;HORTALIZAS;BERENJENA;259,5
BOLIVAR;HORTALIZAS;CILANTRO;5
BOLIVAR;HORTALIZAS;COL;4,5
BOLIVAR;HORTALIZAS;HORTALIZAS VARIAS;90
BOLIVAR;HORTALIZAS;PEPINO COHOMBRO;4,5
BOLIVAR;HORTALIZAS;PIMENTON;4
BOLIVAR;HORTALIZAS;TOMATE;4
BOLIVAR;LEGUMINOSAS;FRIJOL;13715,5
BOLIVAR;LEGUMINOSAS;HABICHUELA;11
BOLIVAR;OLEAGINOSAS;AJONJOLI;5239
BOLIVAR;OLEAGINOSAS;PALMA DE ACEITE;138897
BOLIVAR;OTROS PERMANENTES;CACAO;35343
BOLIVAR;OTROS PERMANENTES;CAFE;5914
BOLIVAR;OTROS PERMANENTES;CA헤 PANELERA;6229
BOLIVAR;OTROS PERMANENTES;TABACO NEGRO;4229
BOLIVAR;OTROS TRANSITORIOS;TABACO RUBIO;1666
BOLIVAR;TUBERCULOS Y PLATANOS;헤ME;91713
BOLIVAR;TUBERCULOS Y PLATANOS;PLATANO;27478
BOLIVAR;TUBERCULOS Y PLATANOS;YUCA;236796
BOYACA;CEREALES;AVENA;2551,5
BOYACA;CEREALES;CEBADA;6033,5
BOYACA;CEREALES;CENTENO;10
BOYACA;CEREALES;MAIZ TRADICIONAL;69752
BOYACA;CEREALES;QUINUA;48
BOYACA;CEREALES;TRIGO;13850,5
BOYACA;FIBRAS;ESPARTO;12
BOYACA;FIBRAS;FIQUE;942
BOYACA;FLORES Y FOLLAJES;CLAVEL;229
BOYACA;FLORES Y FOLLAJES;FLORES Y FOLLAJES;76
BOYACA;FLORES Y FOLLAJES;POMPON Y CRISANTEMO;33
BOYACA;FLORES Y FOLLAJES;ROSA;102
BOYACA;FRUTALES;AGRAZ;1222
BOYACA;FRUTALES;AGUACATE;964
BOYACA;FRUTALES;ARAZA;46
BOYACA;FRUTALES;BANANITO;146
BOYACA;FRUTALES;BANANO;901
BOYACA;FRUTALES;BOROJO;16
BOYACA;FRUTALES;BREVO;1284
BOYACA;FRUTALES;CADUCIFOLIOS;54
BOYACA;FRUTALES;CHAMBA;68
BOYACA;FRUTALES;CHIRIMOYA;863
BOYACA;FRUTALES;CIRUELA;5749
BOYACA;FRUTALES;CITRICOS;5997
BOYACA;FRUTALES;CURUBA;6085
BOYACA;FRUTALES;DATIL;77
BOYACA;FRUTALES;DURAZNO;6175
BOYACA;FRUTALES;FEIJOA;1033
BOYACA;FRUTALES;FRESA;431
BOYACA;FRUTALES;FRUTALES VARIOS;76
BOYACA;FRUTALES;GRANADILLA;840
BOYACA;FRUTALES;GUANABANA;361
BOYACA;FRUTALES;GUAYABA;9338
BOYACA;FRUTALES;GULUPA;787
BOYACA;FRUTALES;HIGO;39
BOYACA;FRUTALES;LIMON;160
BOYACA;FRUTALES;LULO;4168
BOYACA;FRUTALES;MAMONCILLO;13
BOYACA;FRUTALES;MANDARINA;1273
BOYACA;FRUTALES;MANGO;756
BOYACA;FRUTALES;MANZANA;1124
BOYACA;FRUTALES;MARACUYA;17
BOYACA;FRUTALES;MELON;318
BOYACA;FRUTALES;MORA;5623
BOYACA;FRUTALES;NARANJA;3276
BOYACA;FRUTALES;PAPAYA;241
BOYACA;FRUTALES;PAPAYUELA;177
BOYACA;FRUTALES;PATILLA;50,5
BOYACA;FRUTALES;PERA;8318
BOYACA;FRUTALES;PI헤;558
BOYACA;FRUTALES;PITAHAYA;1998
BOYACA;FRUTALES;TOMATE DE ARBOL;4216
BOYACA;FRUTALES;UCHUVA;3175
BOYACA;FRUTALES;UVA;73
BOYACA;FRUTALES;ZAPOTE;125
BOYACA;HORTALIZAS;ACELGA;324,5
BOYACA;HORTALIZAS;AHUYAMA;464
BOYACA;HORTALIZAS;AJI;38
BOYACA;HORTALIZAS;AJO;140,5
BOYACA;HORTALIZAS;BROCOLI;72,5
BOYACA;HORTALIZAS;CALABAZA;31,5
BOYACA;HORTALIZAS;CEBOLLA DE BULBO;19773,5
BOYACA;HORTALIZAS;CEBOLLA DE RAMA;9140
BOYACA;HORTALIZAS;CILANTRO;81
BOYACA;HORTALIZAS;COLIFLOR;30,5
BOYACA;HORTALIZAS;HORTALIZAS VARIAS;332,5
BOYACA;HORTALIZAS;LECHUGA;118,5
BOYACA;HORTALIZAS;NABO;6
BOYACA;HORTALIZAS;PEPINO COHOMBRO;344,5
BOYACA;HORTALIZAS;PEPINO GUISO;765
BOYACA;HORTALIZAS;PIMENTON;242
BOYACA;HORTALIZAS;REMOLACHA;1148,5
BOYACA;HORTALIZAS;REPOLLO;199
BOYACA;HORTALIZAS;TOMATE;2935,5
BOYACA;HORTALIZAS;TOMATE INVERNADERO;1803,5
BOYACA;HORTALIZAS;ZANAHORIA;9121
BOYACA;LEGUMINOSAS;ALFALFA;3756
BOYACA;LEGUMINOSAS;ARVEJA;29232,5
BOYACA;LEGUMINOSAS;CHACHAFRUTO;15
BOYACA;LEGUMINOSAS;FRIJOL;27064
BOYACA;LEGUMINOSAS;GARBANZO;14
BOYACA;LEGUMINOSAS;GUANDUL;50
BOYACA;LEGUMINOSAS;HABA;4546,5
BOYACA;LEGUMINOSAS;HABICHUELA;910,5
BOYACA;LEGUMINOSAS;MANI;327
BOYACA;OTROS PERMANENTES;CACAO;24454
BOYACA;OTROS PERMANENTES;CAFE;69700
BOYACA;OTROS PERMANENTES;CA헤 MIEL;25024
BOYACA;OTROS PERMANENTES;CA헤 PANELERA;141827
BOYACA;OTROS PERMANENTES;TABACO NEGRO;2788
BOYACA;OTROS TRANSITORIOS;TABACO RUBIO;2775,5
BOYACA;PLANTAS AROMATICAS, CONDIMENTARIAS Y MEDICINALES;ALBAHACA;67
BOYACA;PLANTAS AROMATICAS, CONDIMENTARIAS Y MEDICINALES;LAUREL;1
BOYACA;PLANTAS AROMATICAS, CONDIMENTARIAS Y MEDICINALES;MENTA;1
BOYACA;PLANTAS AROMATICAS, CONDIMENTARIAS Y MEDICINALES;PLANTAS AROMATICAS;27
BOYACA;PLANTAS AROMATICAS, CONDIMENTARIAS Y MEDICINALES;PLANTAS MEDICINALES;5
BOYACA;PLANTAS AROMATICAS, CONDIMENTARIAS Y MEDICINALES;RUDA;13,5
BOYACA;TUBERCULOS Y PLATANOS;ARRACACHA;4236
BOYACA;TUBERCULOS Y PLATANOS;CHONQUE;2
BOYACA;TUBERCULOS Y PLATANOS;MALANGA;151
BOYACA;TUBERCULOS Y PLATANOS;PAPA;162051
BOYACA;TUBERCULOS Y PLATANOS;PAPA CRIOLLA;3692
BOYACA;TUBERCULOS Y PLATANOS;PLATANO;32296
BOYACA;TUBERCULOS Y PLATANOS;RUBA;61,5
BOYACA;TUBERCULOS Y PLATANOS;SAGU;38
BOYACA;TUBERCULOS Y PLATANOS;YUCA;17944
CALDAS;CEREALES;MAIZ FORRAJERO;1704,5
CALDAS;CEREALES;MAIZ TECNIFICADO;5088
CALDAS;CEREALES;MAIZ TRADICIONAL;8075,5
CALDAS;FIBRAS;ESTROPAJO;8
CALDAS;FIBRAS;FIQUE;2623
CALDAS;FIBRAS;IRACA;85
CALDAS;FLORES Y FOLLAJES;ASPARRAGUS;64
CALDAS;FLORES Y FOLLAJES;FLORES Y FOLLAJES;65
CALDAS;FORESTALES;CAUCHO;6567
CALDAS;FRUTALES;AGUACATE;14115
CALDAS;FRUTALES;BANANITO;27
CALDAS;FRUTALES;BANANO;4060
CALDAS;FRUTALES;BANANO EXPORTACION;4
CALDAS;FRUTALES;BREVO;16
CALDAS;FRUTALES;CHONTADURO;206
CALDAS;FRUTALES;CITRICOS;21987
CALDAS;FRUTALES;FEIJOA;177
CALDAS;FRUTALES;FRUTALES VARIOS;97
CALDAS;FRUTALES;GRANADILLA;2059
CALDAS;FRUTALES;GUANABANA;450
CALDAS;FRUTALES;GUAYABA;981
CALDAS;FRUTALES;GUAYABA MANZANA;133
CALDAS;FRUTALES;GUAYABA PERA;480
CALDAS;FRUTALES;LIMA;70
CALDAS;FRUTALES;LIMON;362
CALDAS;FRUTALES;LULO;1760
CALDAS;FRUTALES;MACADAMIA;256
CALDAS;FRUTALES;MANDARINA;591
CALDAS;FRUTALES;MANDARINA ONECO;2
CALDAS;FRUTALES;MANGO;711
CALDAS;FRUTALES;MANGOSTINO;11
CALDAS;FRUTALES;MARACUYA;523
CALDAS;FRUTALES;MELON;2
CALDAS;FRUTALES;MORA;1941
CALDAS;FRUTALES;NARANJA;2846
CALDAS;FRUTALES;PAPAYA;196
CALDAS;FRUTALES;PATILLA;7
CALDAS;FRUTALES;PI헤;10
CALDAS;FRUTALES;TOMATE DE ARBOL;422
CALDAS;FRUTALES;ZAPOTE;20
CALDAS;HORTALIZAS;ACELGA;1
CALDAS;HORTALIZAS;AHUYAMA;150,5
CALDAS;HORTALIZAS;BROCOLI;0,5
CALDAS;HORTALIZAS;CEBOLLA DE BULBO;43
CALDAS;HORTALIZAS;CEBOLLA DE RAMA;312,5
CALDAS;HORTALIZAS;CILANTRO;19
CALDAS;HORTALIZAS;COLIFLOR;0
CALDAS;HORTALIZAS;ESPARRAGO;508
CALDAS;HORTALIZAS;HORTALIZAS VARIAS;451,5
CALDAS;HORTALIZAS;LECHUGA;3
CALDAS;HORTALIZAS;PEPINO COHOMBRO;108
CALDAS;HORTALIZAS;PIMENTON;56,5
CALDAS;HORTALIZAS;REMOLACHA;2,5
CALDAS;HORTALIZAS;REPOLLO;60,5
CALDAS;HORTALIZAS;TOMATE;3559
CALDAS;HORTALIZAS;TOMATE INVERNADERO;83,5
CALDAS;HORTALIZAS;ZANAHORIA;52
CALDAS;LEGUMINOSAS;ARVEJA;181,5
CALDAS;LEGUMINOSAS;FRIJOL;8560,5
CALDAS;LEGUMINOSAS;HABICHUELA;167
CALDAS;LEGUMINOSAS;MANI;1
CALDAS;LEGUMINOSAS;SOYA;233,5
CALDAS;OLEAGINOSAS;HIGUERILLA;55
CALDAS;OLEAGINOSAS;JATROPHA;1
CALDAS;OTROS PERMANENTES;CACAO;16287
CALDAS;OTROS PERMANENTES;CAFE;497552
CALDAS;OTROS PERMANENTES;CA헤 AZUCARERA;17101
CALDAS;OTROS PERMANENTES;CA헤 PANELERA;68504
CALDAS;OTROS PERMANENTES;TABACO NEGRO;52
CALDAS;OTROS TRANSITORIOS;TABACO RUBIO;381
CALDAS;PLANTAS AROMATICAS, CONDIMENTARIAS Y MEDICINALES;PLANTAS AROMATICAS;62
CALDAS;PLANTAS AROMATICAS, CONDIMENTARIAS Y MEDICINALES;RUDA;5
CALDAS;PLANTAS AROMATICAS, CONDIMENTARIAS Y MEDICINALES;STEVIA;13
CALDAS;TUBERCULOS Y PLATANOS;ARRACACHA;166
CALDAS;TUBERCULOS Y PLATANOS;PAPA;3006
CALDAS;TUBERCULOS Y PLATANOS;PAPA CRIOLLA;30
CALDAS;TUBERCULOS Y PLATANOS;PLATANO;119374
CALDAS;TUBERCULOS Y PLATANOS;PLATANO EXPORTACION;3825
CALDAS;TUBERCULOS Y PLATANOS;YUCA;7960
CAQUETA;CEREALES;ARROZ RIEGO;112,5
CAQUETA;CEREALES;ARROZ SECANO MANUAL;4610
CAQUETA;CEREALES;ARROZ SECANO MECANIZADO;2665,5
CAQUETA;CEREALES;MAIZ FORRAJERO;120
CAQUETA;CEREALES;MAIZ TRADICIONAL;32316
CAQUETA;FLORES Y FOLLAJES;FLORES Y FOLLAJES;7
CAQUETA;FLORES Y FOLLAJES;HELICONIA;21
CAQUETA;FORESTALES;CAUCHO;39553
CAQUETA;FRUTALES;ARAZA;2159
CAQUETA;FRUTALES;CHONTADURO;956
CAQUETA;FRUTALES;COCONA;5
CAQUETA;FRUTALES;COPOAZU;28
CAQUETA;FRUTALES;FRESA;24
CAQUETA;FRUTALES;LIMON;3
CAQUETA;FRUTALES;LULO;870
CAQUETA;FRUTALES;MANDARINA;66
CAQUETA;FRUTALES;MARACUYA;8
CAQUETA;FRUTALES;NARANJA;289
CAQUETA;FRUTALES;PAPAYA;42
CAQUETA;FRUTALES;PATILLA;100,5
CAQUETA;FRUTALES;PI헤;3380
CAQUETA;FRUTALES;UVA CAIMARONA;3
CAQUETA;FRUTALES;ZAPOTE;76
CAQUETA;HORTALIZAS;AHUYAMA;12
CAQUETA;HORTALIZAS;CEBOLLA DE BULBO;7,5
CAQUETA;HORTALIZAS;CEBOLLA DE RAMA;24
CAQUETA;HORTALIZAS;CILANTRO;13,5
CAQUETA;HORTALIZAS;LECHUGA;1,5
CAQUETA;HORTALIZAS;REPOLLO;1
CAQUETA;HORTALIZAS;TOMATE;62
CAQUETA;LEGUMINOSAS;FRIJOL;1793
CAQUETA;LEGUMINOSAS;HABICHUELA;1
CAQUETA;LEGUMINOSAS;MANI;1
CAQUETA;OLEAGINOSAS;HIGUERILLA;29
CAQUETA;OLEAGINOSAS;PALMA DE ACEITE;2345
CAQUETA;OTROS PERMANENTES;CACAO;11034
CAQUETA;OTROS PERMANENTES;CAFE;18541
CAQUETA;OTROS PERMANENTES;CA헤 MIEL;2879
CAQUETA;OTROS PERMANENTES;CA헤 PANELERA;18620
CAQUETA;TUBERCULOS Y PLATANOS;PLATANO;92068
CAQUETA;TUBERCULOS Y PLATANOS;YUCA;40938
CASANARE;CEREALES;ARROZ RIEGO;109673
CASANARE;CEREALES;ARROZ SECANO MECANIZADO;274417
CASANARE;CEREALES;MAIZ TECNIFICADO;2071
CASANARE;CEREALES;MAIZ TRADICIONAL;12903
CASANARE;CEREALES;SORGO;234
CASANARE;FIBRAS;ALGODON;606
CASANARE;FLORES Y FOLLAJES;HELICONIA;86
CASANARE;FORESTALES;CAUCHO;1110
CASANARE;FRUTALES;AGUACATE;191
CASANARE;FRUTALES;ARAZA;7
CASANARE;FRUTALES;BANANO;33
CASANARE;FRUTALES;CITRICOS;1789
CASANARE;FRUTALES;COCO;2
CASANARE;FRUTALES;FRUTALES VARIOS;175
CASANARE;FRUTALES;GUANABANA;69
CASANARE;FRUTALES;GUAYABA;196
CASANARE;FRUTALES;LIMA TAHITI;14
CASANARE;FRUTALES;LIMON;73
CASANARE;FRUTALES;LIMON MANDARINO;3
CASANARE;FRUTALES;LULO;138
CASANARE;FRUTALES;MANDARINA;48
CASANARE;FRUTALES;MANGO;39
CASANARE;FRUTALES;MARACUYA;918
CASANARE;FRUTALES;MORA;28
CASANARE;FRUTALES;NARANJA;145
CASANARE;FRUTALES;PAPAYA;2540
CASANARE;FRUTALES;PATILLA;1011
CASANARE;FRUTALES;PI헤;1580
CASANARE;FRUTALES;TANGELO MINEOLA;26
CASANARE;FRUTALES;TOMATE DE ARBOL;4
CASANARE;FRUTALES;ZAPOTE;5
CASANARE;HORTALIZAS;AHUYAMA;62,5
CASANARE;HORTALIZAS;AJI;3
CASANARE;HORTALIZAS;APIO;47
CASANARE;HORTALIZAS;TOMATE;10
CASANARE;LEGUMINOSAS;ARVEJA;223
CASANARE;LEGUMINOSAS;FRIJOL;165,5
CASANARE;LEGUMINOSAS;GUANDUL;33
CASANARE;LEGUMINOSAS;SOYA;2775
CASANARE;OLEAGINOSAS;PALMA DE ACEITE;231550
CASANARE;OTROS PERMANENTES;CACAO;3669
CASANARE;OTROS PERMANENTES;CAFE;16774
CASANARE;OTROS PERMANENTES;CA헤 MIEL;4649
CASANARE;OTROS PERMANENTES;CA헤 PANELERA;1959
CASANARE;PLANTAS AROMATICAS, CONDIMENTARIAS Y MEDICINALES;ACHIOTE (BIJA);4
CASANARE;PLANTAS AROMATICAS, CONDIMENTARIAS Y MEDICINALES;SABILA;5
CASANARE;PLANTAS AROMATICAS, CONDIMENTARIAS Y MEDICINALES;STEVIA;6
CASANARE;TUBERCULOS Y PLATANOS;ARRACACHA;103
CASANARE;TUBERCULOS Y PLATANOS;BATATA;6
CASANARE;TUBERCULOS Y PLATANOS;MALANGA;230
CASANARE;TUBERCULOS Y PLATANOS;헤ME;20
CASANARE;TUBERCULOS Y PLATANOS;PAPA;31
CASANARE;TUBERCULOS Y PLATANOS;PLATANO;17811
CASANARE;TUBERCULOS Y PLATANOS;YUCA;11880
CAUCA;CEREALES;ARROZ RIEGO;5941,5
CAUCA;CEREALES;ARROZ SECANO MANUAL;2127,5
CAUCA;CEREALES;ARROZ SECANO MECANIZADO;85
CAUCA;CEREALES;MAIZ TECNIFICADO;8239
CAUCA;CEREALES;MAIZ TRADICIONAL;26859,5
CAUCA;CEREALES;MILLO;25,5
CAUCA;CEREALES;QUINUA;183
CAUCA;CEREALES;SORGO;367
CAUCA;CEREALES;TRIGO;1095
CAUCA;FIBRAS;ALGODON;131
CAUCA;FIBRAS;ESTROPAJO;35,5
CAUCA;FIBRAS;FIQUE;51748
CAUCA;FIBRAS;IRACA;13
CAUCA;FLORES Y FOLLAJES;ASPARRAGUS;58
CAUCA;FLORES Y FOLLAJES;FLORES Y FOLLAJES;362
CAUCA;FRUTALES;AGUACATE;2089
CAUCA;FRUTALES;BANANO;5503
CAUCA;FRUTALES;BOROJO;1041
CAUCA;FRUTALES;BREVO;2
CAUCA;FRUTALES;CHONTADURO;16013
CAUCA;FRUTALES;CITRICOS;451
CAUCA;FRUTALES;COCO;15190
CAUCA;FRUTALES;DURAZNO;4
CAUCA;FRUTALES;FRESA;579
CAUCA;FRUTALES;FRUTALES VARIOS;12
CAUCA;FRUTALES;GRANADILLA;455
CAUCA;FRUTALES;GUANABANA;26
CAUCA;FRUTALES;GUAYABA;175
CAUCA;FRUTALES;GUAYABA PERA;128
CAUCA;FRUTALES;LIMON;929
CAUCA;FRUTALES;LULO;2651
CAUCA;FRUTALES;MANDARINA;66
CAUCA;FRUTALES;MANGO;2042
CAUCA;FRUTALES;MARACUYA;327
CAUCA;FRUTALES;MELON;71
CAUCA;FRUTALES;MORA;2969
CAUCA;FRUTALES;NARANJA;2258
CAUCA;FRUTALES;PAPAYA;121
CAUCA;FRUTALES;PATILLA;233,5
CAUCA;FRUTALES;PI헤;3792
CAUCA;FRUTALES;TANGELO MINEOLA;140
CAUCA;FRUTALES;TOMATE DE ARBOL;589
CAUCA;FRUTALES;UCHUVA;149
CAUCA;HORTALIZAS;ACELGA;21
CAUCA;HORTALIZAS;AHUYAMA;1085,5
CAUCA;HORTALIZAS;AJI;8
CAUCA;HORTALIZAS;AJO;52
CAUCA;HORTALIZAS;BROCOLI;67,5
CAUCA;HORTALIZAS;CEBOLLA DE BULBO;38
CAUCA;HORTALIZAS;CEBOLLA DE RAMA;849
CAUCA;HORTALIZAS;CILANTRO;97,5
CAUCA;HORTALIZAS;COLIFLOR;46
CAUCA;HORTALIZAS;ESPARRAGO;737
CAUCA;HORTALIZAS;HORTALIZAS VARIAS;123
CAUCA;HORTALIZAS;LECHUGA;46
CAUCA;HORTALIZAS;PEPINO COHOMBRO;93,5
CAUCA;HORTALIZAS;PIMENTON;58
CAUCA;HORTALIZAS;REPOLLO;12
CAUCA;HORTALIZAS;TOMATE;795,5
CAUCA;HORTALIZAS;TOMATE INVERNADERO;312
CAUCA;HORTALIZAS;ZANAHORIA;39,5
CAUCA;LEGUMINOSAS;ARVEJA;1644
CAUCA;LEGUMINOSAS;CHACHAFRUTO;20
CAUCA;LEGUMINOSAS;FRIJOL;14445
CAUCA;LEGUMINOSAS;GARBANZO;72
CAUCA;LEGUMINOSAS;GUANDUL;16
CAUCA;LEGUMINOSAS;HABA;25,5
CAUCA;LEGUMINOSAS;HABICHUELA;392,5
CAUCA;LEGUMINOSAS;MANI;1557
CAUCA;LEGUMINOSAS;SOYA;192,5
CAUCA;OLEAGINOSAS;PALMA DE ACEITE;1829
CAUCA;OTROS PERMANENTES;CACAO;8216
CAUCA;OTROS PERMANENTES;CAFE;431938
CAUCA;OTROS PERMANENTES;CA헤 AZUCARERA;257556
CAUCA;OTROS PERMANENTES;CA헤 MIEL;138
CAUCA;OTROS PERMANENTES;CA헤 PANELERA;92927
CAUCA;OTROS TRANSITORIOS;TABACO RUBIO;64
CAUCA;PLANTAS AROMATICAS, CONDIMENTARIAS Y MEDICINALES;CIMARRON;17
CAUCA;PLANTAS AROMATICAS, CONDIMENTARIAS Y MEDICINALES;OREGANO;12
CAUCA;PLANTAS AROMATICAS, CONDIMENTARIAS Y MEDICINALES;PEREJIL;40
CAUCA;PLANTAS AROMATICAS, CONDIMENTARIAS Y MEDICINALES;PLANTAS AROMATICAS;114
CAUCA;PLANTAS AROMATICAS, CONDIMENTARIAS Y MEDICINALES;TOMILLO;15
CAUCA;TUBERCULOS Y PLATANOS;ACHIRA;428
CAUCA;TUBERCULOS Y PLATANOS;ARRACACHA;407
CAUCA;TUBERCULOS Y PLATANOS;BATATA;1
CAUCA;TUBERCULOS Y PLATANOS;PAPA;11280,5
CAUCA;TUBERCULOS Y PLATANOS;PAPA CHINA;3304
CAUCA;TUBERCULOS Y PLATANOS;PAPA CRIOLLA;703,5
CAUCA;TUBERCULOS Y PLATANOS;PLATANO;78239
CAUCA;TUBERCULOS Y PLATANOS;ULLUCO;890,5
CAUCA;TUBERCULOS Y PLATANOS;YUCA;27674
CESAR;CEREALES;ARROZ RIEGO;70830,5
CESAR;CEREALES;ARROZ SECANO MECANIZADO;3684
CESAR;CEREALES;MAIZ TECNIFICADO;20015,5
CESAR;CEREALES;MAIZ TRADICIONAL;125834
CESAR;CEREALES;SORGO;2436
CESAR;FIBRAS;ALGODON;28407
CESAR;FLORES Y FOLLAJES;EUCALIPTO BABY BLUE;50
CESAR;FORESTALES;CAUCHO;464
CESAR;FRUTALES;AGUACATE;12266
CESAR;FRUTALES;BANANO;165
CESAR;FRUTALES;CITRICOS;36
CESAR;FRUTALES;LIMON;296
CESAR;FRUTALES;LULO;1019
CESAR;FRUTALES;MANGO;4021
CESAR;FRUTALES;MARACUYA;1722
CESAR;FRUTALES;MELON;798,5
CESAR;FRUTALES;MORA;1271
CESAR;FRUTALES;NARANJA;12328
CESAR;FRUTALES;PAPAYA;3641
CESAR;FRUTALES;PATILLA;3334
CESAR;FRUTALES;PI헤;200
CESAR;FRUTALES;TOMATE DE ARBOL;1607
CESAR;HORTALIZAS;AHUYAMA;3700,5
CESAR;HORTALIZAS;AJI;401,5
CESAR;HORTALIZAS;CEBOLLA DE BULBO;1636,5
CESAR;HORTALIZAS;CEBOLLA DE RAMA;79
CESAR;HORTALIZAS;CILANTRO;183,5
CESAR;HORTALIZAS;COL;8
CESAR;HORTALIZAS;PEPINO COHOMBRO;15
CESAR;HORTALIZAS;PIMENTON;212
CESAR;HORTALIZAS;TOMATE;1311,5
CESAR;LEGUMINOSAS;ARVEJA;6
CESAR;LEGUMINOSAS;FRIJOL;23317,5
CESAR;LEGUMINOSAS;GUANDUL;9
CESAR;LEGUMINOSAS;HABICHUELA;13
CESAR;OLEAGINOSAS;AJONJOLI;30
CESAR;OLEAGINOSAS;JATROPHA;4
CESAR;OLEAGINOSAS;PALMA DE ACEITE;300006
CESAR;OTROS PERMANENTES;CACAO;43953
CESAR;OTROS PERMANENTES;CAFE;146033
CESAR;OTROS PERMANENTES;CA헤 PANELERA;20995
CESAR;OTROS TRANSITORIOS;TABACO RUBIO;130
CESAR;TUBERCULOS Y PLATANOS;ARRACACHA;16
CESAR;TUBERCULOS Y PLATANOS;MALANGA;5899
CESAR;TUBERCULOS Y PLATANOS;헤ME;1946
CESAR;TUBERCULOS Y PLATANOS;PLATANO;20908
CESAR;TUBERCULOS Y PLATANOS;YUCA;41302
CHOCO;CEREALES;ARROZ SECANO MANUAL;51937,5
CHOCO;CEREALES;MAIZ TRADICIONAL;38210,5
CHOCO;FRUTALES;AGUACATE;513
CHOCO;FRUTALES;BANANITO;2008
CHOCO;FRUTALES;BANANO;2434
CHOCO;FRUTALES;BOROJO;8287
CHOCO;FRUTALES;CHONTADURO;11284
CHOCO;FRUTALES;COCO;2795
CHOCO;FRUTALES;LIMON;8
CHOCO;FRUTALES;LIMON PAJARITO;101
CHOCO;FRUTALES;LULO;104
CHOCO;FRUTALES;MANGO;120
CHOCO;FRUTALES;MARACUYA;1
CHOCO;FRUTALES;MORA;42
CHOCO;FRUTALES;NARANJA;60
CHOCO;FRUTALES;PI헤;1821
CHOCO;FRUTALES;TOMATE DE ARBOL;12
CHOCO;FRUTALES;ZAPOTE;80
CHOCO;HORTALIZAS;AJI;11
CHOCO;HORTALIZAS;CEBOLLA DE RAMA;226
CHOCO;HORTALIZAS;CILANTRO;75,5
CHOCO;HORTALIZAS;HORTALIZAS VARIAS;50
CHOCO;HORTALIZAS;TOMATE;54
CHOCO;LEGUMINOSAS;FRIJOL;152,5
CHOCO;OLEAGINOSAS;PALMA DE ACEITE;36191
CHOCO;OTROS PERMANENTES;CACAO;19953
CHOCO;OTROS PERMANENTES;CAFE;1115
CHOCO;OTROS PERMANENTES;CA헤 PANELERA;12233
CHOCO;PLANTAS AROMATICAS, CONDIMENTARIAS Y MEDICINALES;ACHIOTE (BIJA);625
CHOCO;TUBERCULOS Y PLATANOS;ACHIN;4702
CHOCO;TUBERCULOS Y PLATANOS;헤ME;2375
CHOCO;TUBERCULOS Y PLATANOS;PAPA;8
CHOCO;TUBERCULOS Y PLATANOS;PAPA CRIOLLA;8
CHOCO;TUBERCULOS Y PLATANOS;PLATANO;104743
CHOCO;TUBERCULOS Y PLATANOS;PLATANO EXPORTACION;5060
CHOCO;TUBERCULOS Y PLATANOS;YUCA;19676
CORDOBA;CEREALES;ARROZ RIEGO;14780,5
CORDOBA;CEREALES;ARROZ SECANO MANUAL;49479
CORDOBA;CEREALES;ARROZ SECANO MECANIZADO;33509,5
CORDOBA;CEREALES;MAIZ TECNIFICADO;154066
CORDOBA;CEREALES;MAIZ TRADICIONAL;118573
CORDOBA;CEREALES;SORGO;18
CORDOBA;FIBRAS;ALGODON;154213
CORDOBA;FIBRAS;CA헤 FLECHA;1131
CORDOBA;FORESTALES;CAUCHO;9653
CORDOBA;FRUTALES;AGUACATE;23
CORDOBA;FRUTALES;COCO;10260
CORDOBA;FRUTALES;GUANABANA;92
CORDOBA;FRUTALES;GUAYABA;687
CORDOBA;FRUTALES;LIMON;187
CORDOBA;FRUTALES;MANGO;3896
CORDOBA;FRUTALES;MARACUYA;4325
CORDOBA;FRUTALES;MARA헲N;3320
CORDOBA;FRUTALES;NARANJA;1493
CORDOBA;FRUTALES;NISPERO;76
CORDOBA;FRUTALES;PAPAYA;5277
CORDOBA;FRUTALES;PATILLA;10857,5
CORDOBA;FRUTALES;PI헤;271
CORDOBA;FRUTALES;ZAPOTE;4
CORDOBA;HORTALIZAS;AHUYAMA;358,5
CORDOBA;HORTALIZAS;AJI;1005,5
CORDOBA;HORTALIZAS;AJI DULCE;3
CORDOBA;HORTALIZAS;BERENJENA;544
CORDOBA;HORTALIZAS;CALABAZA;10
CORDOBA;HORTALIZAS;COL;12,5
CORDOBA;HORTALIZAS;HORTALIZAS VARIAS;262
CORDOBA;HORTALIZAS;PEPINO COHOMBRO;226,5
CORDOBA;HORTALIZAS;TOMATE;124
CORDOBA;LEGUMINOSAS;FRIJOL;4131,5
CORDOBA;LEGUMINOSAS;HABICHUELA;143,5
CORDOBA;OLEAGINOSAS;AJONJOLI;2065
CORDOBA;OLEAGINOSAS;HIGUERILLA;2
CORDOBA;OLEAGINOSAS;PALMA DE ACEITE;1214
CORDOBA;OTROS PERMANENTES;CACAO;10811
CORDOBA;OTROS PERMANENTES;CA헤 PANELERA;1931
CORDOBA;TUBERCULOS Y PLATANOS;BATATA;30
CORDOBA;TUBERCULOS Y PLATANOS;헤ME;65992
CORDOBA;TUBERCULOS Y PLATANOS;헤ME DIAMANTE;160
CORDOBA;TUBERCULOS Y PLATANOS;PLATANO;138270
CORDOBA;TUBERCULOS Y PLATANOS;YUCA;151945
CUNDINAMARCA;CEREALES;ARROZ RIEGO;8791,5
CUNDINAMARCA;CEREALES;ARROZ SECANO MANUAL;120
CUNDINAMARCA;CEREALES;ARROZ SECANO MECANIZADO;9080
CUNDINAMARCA;CEREALES;AVENA;437,5
CUNDINAMARCA;CEREALES;CEBADA;1535
CUNDINAMARCA;CEREALES;MAIZ FORRAJERO;42
CUNDINAMARCA;CEREALES;MAIZ TECNIFICADO;1977,5
CUNDINAMARCA;CEREALES;MAIZ TRADICIONAL;112018,5
CUNDINAMARCA;CEREALES;QUINUA;4
CUNDINAMARCA;CEREALES;SORGO;8987,5
CUNDINAMARCA;CEREALES;TRIGO;456
CUNDINAMARCA;FIBRAS;ALGODON;3213
CUNDINAMARCA;FLORES Y FOLLAJES;ANTURIO;272
CUNDINAMARCA;FLORES Y FOLLAJES;CLAVEL;245
CUNDINAMARCA;FLORES Y FOLLAJES;FLORES Y FOLLAJES;319
CUNDINAMARCA;FLORES Y FOLLAJES;GIRASOL;523,5
CUNDINAMARCA;FLORES Y FOLLAJES;GLADIOLO;214
CUNDINAMARCA;FLORES Y FOLLAJES;HELECHO;462
CUNDINAMARCA;FLORES Y FOLLAJES;HELECHO CUERO;195
CUNDINAMARCA;FLORES Y FOLLAJES;HELICONIA;217
CUNDINAMARCA;FLORES Y FOLLAJES;PALMA ROBELINA;72
CUNDINAMARCA;FLORES Y FOLLAJES;POMPON Y CRISANTEMO;10
CUNDINAMARCA;FLORES Y FOLLAJES;ROSA;377
CUNDINAMARCA;FLORES Y FOLLAJES;TREE FERN;32
CUNDINAMARCA;FORESTALES;CAUCHO;2267
CUNDINAMARCA;FORESTALES;PLANTULAS;64
CUNDINAMARCA;FRUTALES;AGUACATE;2317
CUNDINAMARCA;FRUTALES;ARANDANO;2
CUNDINAMARCA;FRUTALES;ARAZA;35
CUNDINAMARCA;FRUTALES;BANANO;27298
CUNDINAMARCA;FRUTALES;CADUCIFOLIOS;649
CUNDINAMARCA;FRUTALES;CHIRIMOYA;8
CUNDINAMARCA;FRUTALES;CIRUELA;23
CUNDINAMARCA;FRUTALES;CITRICOS;33916
CUNDINAMARCA;FRUTALES;CURUBA;567
CUNDINAMARCA;FRUTALES;DURAZNO;1373
CUNDINAMARCA;FRUTALES;FEIJOA;36
CUNDINAMARCA;FRUTALES;FRAMBUESA;6
CUNDINAMARCA;FRUTALES;FRESA;4960
CUNDINAMARCA;FRUTALES;FRUTALES VARIOS;12
CUNDINAMARCA;FRUTALES;GRANADILLA;3967
CUNDINAMARCA;FRUTALES;GUANABANA;738
CUNDINAMARCA;FRUTALES;GUAYABA;1576
CUNDINAMARCA;FRUTALES;GULUPA;3279
CUNDINAMARCA;FRUTALES;LIMON;256
CUNDINAMARCA;FRUTALES;LULO;1174
CUNDINAMARCA;FRUTALES;MANDARINA;6367
CUNDINAMARCA;FRUTALES;MANGO;49986
CUNDINAMARCA;FRUTALES;MANGO INJERTO;120
CUNDINAMARCA;FRUTALES;MANZANA;15
CUNDINAMARCA;FRUTALES;MARACUYA;1036
CUNDINAMARCA;FRUTALES;MORA;22441
CUNDINAMARCA;FRUTALES;NARANJA;18897
CUNDINAMARCA;FRUTALES;PAPAYA;130
CUNDINAMARCA;FRUTALES;PATILLA;2
CUNDINAMARCA;FRUTALES;PI헤;3043
CUNDINAMARCA;FRUTALES;PITAHAYA;271
CUNDINAMARCA;FRUTALES;TOMATE DE ARBOL;16185
CUNDINAMARCA;FRUTALES;UCHUVA;2021
CUNDINAMARCA;FRUTALES;ZAPOTE;83
CUNDINAMARCA;HORTALIZAS;ACELGA;265,5
CUNDINAMARCA;HORTALIZAS;AHUYAMA;1843,5
CUNDINAMARCA;HORTALIZAS;AJO;406
CUNDINAMARCA;HORTALIZAS;ALCACHOFA;1
CUNDINAMARCA;HORTALIZAS;APIO;1253,5
CUNDINAMARCA;HORTALIZAS;BROCOLI;1411,5
CUNDINAMARCA;HORTALIZAS;CALABACIN;152,5
CUNDINAMARCA;HORTALIZAS;CALABAZA;631,5
CUNDINAMARCA;HORTALIZAS;CEBOLLA DE BULBO;10831
CUNDINAMARCA;HORTALIZAS;CEBOLLA DE RAMA;203,5
CUNDINAMARCA;HORTALIZAS;CEBOLLIN;0
CUNDINAMARCA;HORTALIZAS;CILANTRO;2347,5
CUNDINAMARCA;HORTALIZAS;COLIFLOR;453,5
CUNDINAMARCA;HORTALIZAS;ESPINACA;1096
CUNDINAMARCA;HORTALIZAS;GUATILA;39,5
CUNDINAMARCA;HORTALIZAS;HORTALIZAS VARIAS;2140,5
CUNDINAMARCA;HORTALIZAS;LECHUGA;8195
CUNDINAMARCA;HORTALIZAS;PEPINO COHOMBRO;432,5
CUNDINAMARCA;HORTALIZAS;PEPINO GUISO;1145
CUNDINAMARCA;HORTALIZAS;PIMENTON;666,5
CUNDINAMARCA;HORTALIZAS;PUERRO;8
CUNDINAMARCA;HORTALIZAS;RABANO;31,5
CUNDINAMARCA;HORTALIZAS;REMOLACHA;397,5
CUNDINAMARCA;HORTALIZAS;REPOLLO;2998,5
CUNDINAMARCA;HORTALIZAS;TOMATE;6678
CUNDINAMARCA;HORTALIZAS;TOMATE INVERNADERO;382,5
CUNDINAMARCA;HORTALIZAS;ZANAHORIA;14433,5
CUNDINAMARCA;LEGUMINOSAS;ARVEJA;27850
CUNDINAMARCA;LEGUMINOSAS;FRIJOL;43170
CUNDINAMARCA;LEGUMINOSAS;GARBANZO;1
CUNDINAMARCA;LEGUMINOSAS;HABA;290,5
CUNDINAMARCA;LEGUMINOSAS;HABICHUELA;10005
CUNDINAMARCA;LEGUMINOSAS;SOYA;435
CUNDINAMARCA;OLEAGINOSAS;PALMA DE ACEITE;31743
CUNDINAMARCA;OTROS PERMANENTES;CACAO;26575
CUNDINAMARCA;OTROS PERMANENTES;CAFE;286524
CUNDINAMARCA;OTROS PERMANENTES;CA헤 MIEL;636
CUNDINAMARCA;OTROS PERMANENTES;CA헤 PANELERA;268364
CUNDINAMARCA;PLANTAS AROMATICAS, CONDIMENTARIAS Y MEDICINALES;ALBAHACA;49,5
CUNDINAMARCA;PLANTAS AROMATICAS, CONDIMENTARIAS Y MEDICINALES;ENELDO;0
CUNDINAMARCA;PLANTAS AROMATICAS, CONDIMENTARIAS Y MEDICINALES;FLOR DE JAMAICA;24
CUNDINAMARCA;PLANTAS AROMATICAS, CONDIMENTARIAS Y MEDICINALES;LIMONARIA;54
CUNDINAMARCA;PLANTAS AROMATICAS, CONDIMENTARIAS Y MEDICINALES;MENTA;143
CUNDINAMARCA;PLANTAS AROMATICAS, CONDIMENTARIAS Y MEDICINALES;OREGANO;3
CUNDINAMARCA;PLANTAS AROMATICAS, CONDIMENTARIAS Y MEDICINALES;PEREJIL;32
CUNDINAMARCA;PLANTAS AROMATICAS, CONDIMENTARIAS Y MEDICINALES;PLANTAS AROMATICAS;421,5
CUNDINAMARCA;PLANTAS AROMATICAS, CONDIMENTARIAS Y MEDICINALES;ROMERO;17
CUNDINAMARCA;PLANTAS AROMATICAS, CONDIMENTARIAS Y MEDICINALES;RUDA;43
CUNDINAMARCA;PLANTAS AROMATICAS, CONDIMENTARIAS Y MEDICINALES;RUSCUS;394
CUNDINAMARCA;PLANTAS AROMATICAS, CONDIMENTARIAS Y MEDICINALES;SABILA;107
CUNDINAMARCA;PLANTAS AROMATICAS, CONDIMENTARIAS Y MEDICINALES;TOMILLO;84
CUNDINAMARCA;TUBERCULOS Y PLATANOS;ARRACACHA;2722
CUNDINAMARCA;TUBERCULOS Y PLATANOS;PAPA;220797
CUNDINAMARCA;TUBERCULOS Y PLATANOS;PAPA CRIOLLA;13359,5
CUNDINAMARCA;TUBERCULOS Y PLATANOS;PLATANO;50386
CUNDINAMARCA;TUBERCULOS Y PLATANOS;SAGU;3860
CUNDINAMARCA;TUBERCULOS Y PLATANOS;YACON;6
CUNDINAMARCA;TUBERCULOS Y PLATANOS;YUCA;17437
GUAINIA;CEREALES;MAIZ TRADICIONAL;1387
GUAINIA;OTROS PERMANENTES;CACAO;1624
GUAINIA;TUBERCULOS Y PLATANOS;PLATANO;2821
GUAINIA;TUBERCULOS Y PLATANOS;YUCA;8903
GUAVIARE;CEREALES;ARROZ SECANO MANUAL;2905
GUAVIARE;CEREALES;ARROZ SECANO MECANIZADO;909,5
GUAVIARE;CEREALES;MAIZ TRADICIONAL;15759
GUAVIARE;CEREALES;SORGO;30
GUAVIARE;FLORES Y FOLLAJES;HELICONIA;7
GUAVIARE;FORESTALES;CAUCHO;6508
GUAVIARE;FRUTALES;ARAZA;436
GUAVIARE;FRUTALES;BOROJO;236
GUAVIARE;FRUTALES;CHONTADURO;154
GUAVIARE;FRUTALES;CITRICOS;3
GUAVIARE;FRUTALES;COCONA;178
GUAVIARE;FRUTALES;PATILLA;30
GUAVIARE;FRUTALES;PI헤;160
GUAVIARE;HORTALIZAS;AHUYAMA;20
GUAVIARE;HORTALIZAS;PEPINO COHOMBRO;4
GUAVIARE;HORTALIZAS;TOMATE;4
GUAVIARE;LEGUMINOSAS;FRIJOL;134
GUAVIARE;LEGUMINOSAS;HABICHUELA;2
GUAVIARE;OLEAGINOSAS;AJONJOLI;30
GUAVIARE;OTROS PERMANENTES;CACAO;3818
GUAVIARE;OTROS PERMANENTES;CAFE;42
GUAVIARE;OTROS PERMANENTES;CA헤 MIEL;3215
GUAVIARE;TUBERCULOS Y PLATANOS;PAPA;38
GUAVIARE;TUBERCULOS Y PLATANOS;PLATANO;29080
GUAVIARE;TUBERCULOS Y PLATANOS;YUCA;16472
HUILA;CEREALES;ARROZ RIEGO;113598
HUILA;CEREALES;MAIZ TECNIFICADO;51972
HUILA;CEREALES;MAIZ TRADICIONAL;60486
HUILA;CEREALES;SORGO;5882,5
HUILA;FIBRAS;ALGODON;8423
HUILA;FRUTALES;AGUACATE;2319
HUILA;FRUTALES;BADEA;543
HUILA;FRUTALES;BANANO;9593
HUILA;FRUTALES;CHOLUPA;1106
HUILA;FRUTALES;CITRICOS;6938
HUILA;FRUTALES;CURUBA;330
HUILA;FRUTALES;DURAZNO;346
HUILA;FRUTALES;GRANADILLA;17869
HUILA;FRUTALES;GUANABANA;933
HUILA;FRUTALES;GUAYABA;1304
HUILA;FRUTALES;GULUPA;260
HUILA;FRUTALES;LULO;14682
HUILA;FRUTALES;MANGO;967
HUILA;FRUTALES;MARACUYA;9572
HUILA;FRUTALES;MELON;343
HUILA;FRUTALES;MORA;8507
HUILA;FRUTALES;PAPAYA;1440
HUILA;FRUTALES;PATILLA;755,5
HUILA;FRUTALES;PI헤;2576
HUILA;FRUTALES;PITAHAYA;1238
HUILA;FRUTALES;TOMATE DE ARBOL;4998
HUILA;FRUTALES;UVA;2413
HUILA;HORTALIZAS;AHUYAMA;1184
HUILA;HORTALIZAS;CEBOLLA DE BULBO;307,5
HUILA;HORTALIZAS;CEBOLLA DE RAMA;2195
HUILA;HORTALIZAS;HORTALIZAS VARIAS;2642
HUILA;HORTALIZAS;PEPINO COHOMBRO;130,5
HUILA;HORTALIZAS;PIMENTON;983,5
HUILA;HORTALIZAS;TOMATE;5196
HUILA;LEGUMINOSAS;ARVEJA;6398
HUILA;LEGUMINOSAS;FRIJOL;86831
HUILA;LEGUMINOSAS;HABICHUELA;2492
HUILA;LEGUMINOSAS;SOYA;20
HUILA;OTROS PERMANENTES;CACAO;58955
HUILA;OTROS PERMANENTES;CAFE;690524
HUILA;OTROS PERMANENTES;CA헤 PANELERA;48423
HUILA;OTROS PERMANENTES;TABACO NEGRO;21
HUILA;OTROS TRANSITORIOS;TABACO RUBIO;7061,5
HUILA;PLANTAS AROMATICAS, CONDIMENTARIAS Y MEDICINALES;FLOR DE JAMAICA;52
HUILA;TUBERCULOS Y PLATANOS;ACHIRA;1066
HUILA;TUBERCULOS Y PLATANOS;ARRACACHA;3296
HUILA;TUBERCULOS Y PLATANOS;PAPA;200,5
HUILA;TUBERCULOS Y PLATANOS;PAPA CRIOLLA;24,5
HUILA;TUBERCULOS Y PLATANOS;PLATANO;167197
HUILA;TUBERCULOS Y PLATANOS;YUCA;24016
LA GUAJIRA;CEREALES;ARROZ RIEGO;8701
LA GUAJIRA;CEREALES;MAIZ TECNIFICADO;4511,5
LA GUAJIRA;CEREALES;MAIZ TRADICIONAL;54794
LA GUAJIRA;CEREALES;SORGO;6397
LA GUAJIRA;FIBRAS;ALGODON;6730
LA GUAJIRA;FRUTALES;AGUACATE;2760
LA GUAJIRA;FRUTALES;BANANO EXPORTACION;12166
LA GUAJIRA;FRUTALES;COCO;3039
LA GUAJIRA;FRUTALES;FRUTALES VARIOS;25
LA GUAJIRA;FRUTALES;LIMON;832
LA GUAJIRA;FRUTALES;LULO;370
LA GUAJIRA;FRUTALES;MANGO;1937
LA GUAJIRA;FRUTALES;MARACUYA;185
LA GUAJIRA;FRUTALES;MELON;989,5
LA GUAJIRA;FRUTALES;NARANJA;1384
LA GUAJIRA;FRUTALES;PATILLA;5650
LA GUAJIRA;FRUTALES;PI헤;190
LA GUAJIRA;FRUTALES;TOMATE DE ARBOL;599
LA GUAJIRA;HORTALIZAS;AHUYAMA;2421
LA GUAJIRA;HORTALIZAS;AJI;1111
LA GUAJIRA;HORTALIZAS;TOMATE;1108
LA GUAJIRA;LEGUMINOSAS;FRIJOL;6986
LA GUAJIRA;OLEAGINOSAS;PALMA DE ACEITE;6412
LA GUAJIRA;OTROS PERMANENTES;CACAO;2771
LA GUAJIRA;OTROS PERMANENTES;CAFE;33347
LA GUAJIRA;OTROS PERMANENTES;CA헤 PANELERA;332
LA GUAJIRA;OTROS TRANSITORIOS;TABACO RUBIO;186
LA GUAJIRA;PLANTAS AROMATICAS, CONDIMENTARIAS Y MEDICINALES;ACHIOTE (BIJA);868
LA GUAJIRA;TUBERCULOS Y PLATANOS;ARRACACHA;523
LA GUAJIRA;TUBERCULOS Y PLATANOS;MALANGA;4407
LA GUAJIRA;TUBERCULOS Y PLATANOS;헤ME;1715
LA GUAJIRA;TUBERCULOS Y PLATANOS;PLATANO;10183
LA GUAJIRA;TUBERCULOS Y PLATANOS;YUCA;23220
MAGDALENA;CEREALES;ARROZ RIEGO;11734,5
MAGDALENA;CEREALES;MAIZ TRADICIONAL;121994
MAGDALENA;CEREALES;SORGO;100
MAGDALENA;FIBRAS;ALGODON;1763
MAGDALENA;FRUTALES;BANANO EXPORTACION;73369
MAGDALENA;FRUTALES;CITRICOS;15839
MAGDALENA;FRUTALES;COCO;5477
MAGDALENA;FRUTALES;GUAYABA;616
MAGDALENA;FRUTALES;GUAYABA PERA;72
MAGDALENA;FRUTALES;LIMON;19
MAGDALENA;FRUTALES;LULO;2262
MAGDALENA;FRUTALES;MANGO;14295
MAGDALENA;FRUTALES;MARACUYA;3204
MAGDALENA;FRUTALES;MELON;2458,5
MAGDALENA;FRUTALES;MORA;293
MAGDALENA;FRUTALES;NARANJA;2846
MAGDALENA;FRUTALES;PAPAYA;3699
MAGDALENA;FRUTALES;PATILLA;2593,5
MAGDALENA;FRUTALES;TOMATE DE ARBOL;1609
MAGDALENA;HORTALIZAS;AHUYAMA;1330,5
MAGDALENA;HORTALIZAS;AJI;4996,5
MAGDALENA;HORTALIZAS;BERENJENA;397
MAGDALENA;HORTALIZAS;CILANTRO;1461
MAGDALENA;HORTALIZAS;COL;1236,5
MAGDALENA;HORTALIZAS;TOMATE;3013,5
MAGDALENA;LEGUMINOSAS;FRIJOL;11395,5
MAGDALENA;OLEAGINOSAS;AJONJOLI;4908
MAGDALENA;OLEAGINOSAS;PALMA DE ACEITE;235462
MAGDALENA;OTROS PERMANENTES;CACAO;13338
MAGDALENA;OTROS PERMANENTES;CAFE;111718
MAGDALENA;OTROS PERMANENTES;TABACO NEGRO;538
MAGDALENA;PLANTAS AROMATICAS, CONDIMENTARIAS Y MEDICINALES;SABILA;124
MAGDALENA;PLANTAS AROMATICAS, CONDIMENTARIAS Y MEDICINALES;STEVIA;6
MAGDALENA;TUBERCULOS Y PLATANOS;BATATA;5
MAGDALENA;TUBERCULOS Y PLATANOS;헤ME;2655
MAGDALENA;TUBERCULOS Y PLATANOS;PLATANO;15512
MAGDALENA;TUBERCULOS Y PLATANOS;YUCA;132563
META;CEREALES;ARROZ RIEGO;89244
META;CEREALES;ARROZ SECANO MECANIZADO;228620
META;CEREALES;MAIZ FORRAJERO;520
META;CEREALES;MAIZ TECNIFICADO;56827
META;CEREALES;MAIZ TRADICIONAL;32725,5
META;FIBRAS;ALGODON;337
META;FORESTALES;CAUCHO;49446
META;FRUTALES;AGUACATE;1909
META;FRUTALES;ARAZA;114
META;FRUTALES;BANANO;17
META;FRUTALES;CITRICOS;34032
META;FRUTALES;DURAZNO;115
META;FRUTALES;GUANABANA;395
META;FRUTALES;GUAYABA;801
META;FRUTALES;GUAYABA PERA;13953
META;FRUTALES;LULO;485
META;FRUTALES;MANGOSTINO;14
META;FRUTALES;MARACUYA;5812
META;FRUTALES;MORA;561
META;FRUTALES;PAPAYA;3270
META;FRUTALES;PATILLA;4971
META;FRUTALES;PI헤;2366
META;FRUTALES;TOMATE DE ARBOL;71
META;FRUTALES;UCHUVA;10
META;FRUTALES;ZAPOTE;10
META;HONGOS;ORELLANA;1
META;HORTALIZAS;AHUYAMA;1
META;HORTALIZAS;AJI;116
META;HORTALIZAS;CALABAZA;2
META;HORTALIZAS;CEBOLLA DE BULBO;1
META;HORTALIZAS;CEBOLLA DE RAMA;2
META;HORTALIZAS;CILANTRO;1
META;HORTALIZAS;PEPINO GUISO;3
META;HORTALIZAS;TOMATE;2,5
META;LEGUMINOSAS;ARVEJA;6
META;LEGUMINOSAS;FRIJOL;5153
META;LEGUMINOSAS;SOYA;136305
META;OLEAGINOSAS;PALMA DE ACEITE;805790
META;OTROS PERMANENTES;CACAO;25949
META;OTROS PERMANENTES;CAFE;17303
META;OTROS PERMANENTES;CA헤 AZUCARERA;8759
META;OTROS PERMANENTES;CA헤 PANELERA;14823
META;PLANTAS AROMATICAS, CONDIMENTARIAS Y MEDICINALES;FLOR DE JAMAICA;8
META;PLANTAS AROMATICAS, CONDIMENTARIAS Y MEDICINALES;STEVIA;13
META;TUBERCULOS Y PLATANOS;CHONQUE;59
META;TUBERCULOS Y PLATANOS;PAPA;1
META;TUBERCULOS Y PLATANOS;PLATANO;107034
META;TUBERCULOS Y PLATANOS;SAGU;412
META;TUBERCULOS Y PLATANOS;YUCA;30537
NARI헲;CEREALES;ARROZ SECANO MANUAL;6322
NARI헲;CEREALES;CEBADA;1866,5
NARI헲;CEREALES;MAIZ FORRAJERO;2
NARI헲;CEREALES;MAIZ TECNIFICADO;3125,5
NARI헲;CEREALES;MAIZ TRADICIONAL;74574,5
NARI헲;CEREALES;QUINUA;452
NARI헲;CEREALES;TRIGO;31187,5
NARI헲;FIBRAS;FIQUE;42674
NARI헲;FIBRAS;IRACA;1192
NARI헲;FLORES Y FOLLAJES;ANTURIO;19
NARI헲;FLORES Y FOLLAJES;GIRASOL;8
NARI헲;FLORES Y FOLLAJES;HELICONIA;14
NARI헲;FLORES Y FOLLAJES;POMPON Y CRISANTEMO;4,5
NARI헲;FRUTALES;AGUACATE;398
NARI헲;FRUTALES;BANANITO;6656
NARI헲;FRUTALES;BANANO;31095
NARI헲;FRUTALES;BOROJO;4789
NARI헲;FRUTALES;CHAMBA;2
NARI헲;FRUTALES;CHIRIMOYA;73
NARI헲;FRUTALES;CHIRO;858
NARI헲;FRUTALES;CHONTADURO;2830
NARI헲;FRUTALES;CIRUELA;15
NARI헲;FRUTALES;CITRICOS;26217
NARI헲;FRUTALES;COCO;65219
NARI헲;FRUTALES;CURUBA;68
NARI헲;FRUTALES;FRESA;275
NARI헲;FRUTALES;GRANADILLA;892
NARI헲;FRUTALES;GUAMA;12
NARI헲;FRUTALES;GUANABANA;517
NARI헲;FRUTALES;GUAYABA;397
NARI헲;FRUTALES;GULUPA;1
NARI헲;FRUTALES;LIMON;310
NARI헲;FRUTALES;LULO;3709
NARI헲;FRUTALES;MANDARINA;3
NARI헲;FRUTALES;MANGO;612
NARI헲;FRUTALES;MARACUYA;827
NARI헲;FRUTALES;MORA;3972
NARI헲;FRUTALES;NARANJA;13
NARI헲;FRUTALES;PAPAYA;1339
NARI헲;FRUTALES;PATILLA;162,5
NARI헲;FRUTALES;PEPA DE PAN;195
NARI헲;FRUTALES;PI헤;1300
NARI헲;FRUTALES;PITAHAYA;1
NARI헲;FRUTALES;TOMATE DE ARBOL;4361
NARI헲;FRUTALES;UCHUVA;402
NARI헲;FRUTALES;UVA;1
NARI헲;FRUTALES;ZAPOTE;580
NARI헲;HORTALIZAS;AJI;3
NARI헲;HORTALIZAS;AJO;257,5
NARI헲;HORTALIZAS;APIO;0
NARI헲;HORTALIZAS;BROCOLI;229
NARI헲;HORTALIZAS;CEBOLLA DE BULBO;1190
NARI헲;HORTALIZAS;CEBOLLA DE RAMA;4800
NARI헲;HORTALIZAS;CILANTRO;469
NARI헲;HORTALIZAS;COL;10
NARI헲;HORTALIZAS;COLIFLOR;1135
NARI헲;HORTALIZAS;HORTALIZAS VARIAS;70
NARI헲;HORTALIZAS;LECHUGA;729
NARI헲;HORTALIZAS;PALMITO;22063
NARI헲;HORTALIZAS;PEPINO COHOMBRO;84
NARI헲;HORTALIZAS;PIMENTON;275
NARI헲;HORTALIZAS;RABANO;1
NARI헲;HORTALIZAS;REMOLACHA;145
NARI헲;HORTALIZAS;REPOLLO;1645,5
NARI헲;HORTALIZAS;TOMATE;1546
NARI헲;HORTALIZAS;TOMATE INVERNADERO;701,5
NARI헲;HORTALIZAS;ZANAHORIA;5000
NARI헲;LEGUMINOSAS;ARVEJA;28513,5
NARI헲;LEGUMINOSAS;FRIJOL;36202
NARI헲;LEGUMINOSAS;FRIJOL ARBUSTIVO;10642,5
NARI헲;LEGUMINOSAS;FRIJOL VOLUBLE;3497,5
NARI헲;LEGUMINOSAS;HABA;3335
NARI헲;LEGUMINOSAS;HABICHUELA;102
NARI헲;LEGUMINOSAS;MANI;4745
NARI헲;OLEAGINOSAS;PALMA DE ACEITE;110537
NARI헲;OTROS PERMANENTES;CACAO;86284
NARI헲;OTROS PERMANENTES;CAFE;193531
NARI헲;OTROS PERMANENTES;CA헤 PANELERA;100816
NARI헲;OTROS TRANSITORIOS;TABACO RUBIO;10
NARI헲;PLANTAS AROMATICAS, CONDIMENTARIAS Y MEDICINALES;ALBAHACA;16
NARI헲;PLANTAS AROMATICAS, CONDIMENTARIAS Y MEDICINALES;ANIS;6
NARI헲;PLANTAS AROMATICAS, CONDIMENTARIAS Y MEDICINALES;CHILLANGUA;9
NARI헲;TUBERCULOS Y PLATANOS;ACHIRA;1107
NARI헲;TUBERCULOS Y PLATANOS;ARRACACHA;1295
NARI헲;TUBERCULOS Y PLATANOS;BATATA;41
NARI헲;TUBERCULOS Y PLATANOS;헤ME;3
NARI헲;TUBERCULOS Y PLATANOS;PAPA;102980,5
NARI헲;TUBERCULOS Y PLATANOS;PAPA CHINA;1630
NARI헲;TUBERCULOS Y PLATANOS;PAPA CRIOLLA;4872
NARI헲;TUBERCULOS Y PLATANOS;PLATANO;158016
NARI헲;TUBERCULOS Y PLATANOS;ULLUCO;1076
NARI헲;TUBERCULOS Y PLATANOS;YUCA;8430
NORTE DE SANTANDER;CEREALES;ARROZ RIEGO;92934,5
NORTE DE SANTANDER;CEREALES;MAIZ TECNIFICADO;2087,5
NORTE DE SANTANDER;CEREALES;MAIZ TRADICIONAL;33460
NORTE DE SANTANDER;CEREALES;TRIGO;187,5
NORTE DE SANTANDER;FIBRAS;FIQUE;322
NORTE DE SANTANDER;FLORES Y FOLLAJES;ASTROMELIA;2
NORTE DE SANTANDER;FLORES Y FOLLAJES;CARTUCHO-ASTROMELIA;2
NORTE DE SANTANDER;FLORES Y FOLLAJES;FLORES Y FOLLAJES;27
NORTE DE SANTANDER;FRUTALES;AGUACATE;1000
NORTE DE SANTANDER;FRUTALES;BANANO;6892
NORTE DE SANTANDER;FRUTALES;BREVO;171
NORTE DE SANTANDER;FRUTALES;CIRUELA;108
NORTE DE SANTANDER;FRUTALES;CITRICOS;327
NORTE DE SANTANDER;FRUTALES;CURUBA;1682
NORTE DE SANTANDER;FRUTALES;DURAZNO;2623
NORTE DE SANTANDER;FRUTALES;FEIJOA;12
NORTE DE SANTANDER;FRUTALES;FRESA;828
NORTE DE SANTANDER;FRUTALES;GRANADILLA;6
NORTE DE SANTANDER;FRUTALES;GUANABANA;42
NORTE DE SANTANDER;FRUTALES;GUAYABA;70
NORTE DE SANTANDER;FRUTALES;GULUPA;15
NORTE DE SANTANDER;FRUTALES;LIMON;8194
NORTE DE SANTANDER;FRUTALES;LULO;1755
NORTE DE SANTANDER;FRUTALES;MANDARINA;3617
NORTE DE SANTANDER;FRUTALES;MANGO;88
NORTE DE SANTANDER;FRUTALES;MANZANA;24
NORTE DE SANTANDER;FRUTALES;MARACUYA;733
NORTE DE SANTANDER;FRUTALES;MELON;153,5
NORTE DE SANTANDER;FRUTALES;MORA;2860
NORTE DE SANTANDER;FRUTALES;NARANJA;3515
NORTE DE SANTANDER;FRUTALES;PAPAYA;579
NORTE DE SANTANDER;FRUTALES;PATILLA;125,5
NORTE DE SANTANDER;FRUTALES;PI헤;2061
NORTE DE SANTANDER;FRUTALES;TOMATE DE ARBOL;1268
NORTE DE SANTANDER;FRUTALES;UCHUVA;168
NORTE DE SANTANDER;FRUTALES;UVA;49
NORTE DE SANTANDER;FRUTALES;ZAPOTE;240
NORTE DE SANTANDER;HORTALIZAS;ACELGA;24
NORTE DE SANTANDER;HORTALIZAS;AHUYAMA;101,5
NORTE DE SANTANDER;HORTALIZAS;AJI;40
NORTE DE SANTANDER;HORTALIZAS;AJO;90
NORTE DE SANTANDER;HORTALIZAS;APIO;205
NORTE DE SANTANDER;HORTALIZAS;BROCOLI;218,5
NORTE DE SANTANDER;HORTALIZAS;CEBOLLA DE BULBO;13628
NORTE DE SANTANDER;HORTALIZAS;CEBOLLA DE RAMA;652
NORTE DE SANTANDER;HORTALIZAS;CILANTRO;615,5
NORTE DE SANTANDER;HORTALIZAS;COLIFLOR;210
NORTE DE SANTANDER;HORTALIZAS;ESPINACA;78,5
NORTE DE SANTANDER;HORTALIZAS;HORTALIZAS VARIAS;396,5
NORTE DE SANTANDER;HORTALIZAS;LECHUGA;232
NORTE DE SANTANDER;HORTALIZAS;PEPINO COHOMBRO;64,5
NORTE DE SANTANDER;HORTALIZAS;PIMENTON;606
NORTE DE SANTANDER;HORTALIZAS;PUERRO;8
NORTE DE SANTANDER;HORTALIZAS;REMOLACHA;182
NORTE DE SANTANDER;HORTALIZAS;REPOLLO;207
NORTE DE SANTANDER;HORTALIZAS;TOMATE;8155
NORTE DE SANTANDER;HORTALIZAS;TOMATE INVERNADERO;5,5
NORTE DE SANTANDER;HORTALIZAS;ZANAHORIA;757
NORTE DE SANTANDER;LEGUMINOSAS;ARVEJA;1578
NORTE DE SANTANDER;LEGUMINOSAS;FRIJOL;23871
NORTE DE SANTANDER;LEGUMINOSAS;HABA;65,5
NORTE DE SANTANDER;LEGUMINOSAS;HABICHUELA;516
NORTE DE SANTANDER;OLEAGINOSAS;PALMA DE ACEITE;87969
NORTE DE SANTANDER;OTROS PERMANENTES;CACAO;88026
NORTE DE SANTANDER;OTROS PERMANENTES;CAFE;194176
NORTE DE SANTANDER;OTROS PERMANENTES;CA헤 AZUCARERA;3082
NORTE DE SANTANDER;OTROS PERMANENTES;CA헤 MIEL;11
NORTE DE SANTANDER;OTROS PERMANENTES;CA헤 PANELERA;57849
NORTE DE SANTANDER;OTROS TRANSITORIOS;TABACO RUBIO;2223,5
NORTE DE SANTANDER;PLANTAS AROMATICAS, CONDIMENTARIAS Y MEDICINALES;CIMARRON;70
NORTE DE SANTANDER;PLANTAS AROMATICAS, CONDIMENTARIAS Y MEDICINALES;PLANTAS AROMATICAS;54
NORTE DE SANTANDER;TUBERCULOS Y PLATANOS;ARRACACHA;4506
NORTE DE SANTANDER;TUBERCULOS Y PLATANOS;PAPA;9713,5
NORTE DE SANTANDER;TUBERCULOS Y PLATANOS;PAPA CRIOLLA;2152
NORTE DE SANTANDER;TUBERCULOS Y PLATANOS;PLATANO;83927
NORTE DE SANTANDER;TUBERCULOS Y PLATANOS;YUCA;61236
PUTUMAYO;CEREALES;ARROZ SECANO MANUAL;6000,5
PUTUMAYO;CEREALES;MAIZ TRADICIONAL;35529
PUTUMAYO;FORESTALES;CAUCHO;3364
PUTUMAYO;FRUTALES;ARAZA;258
PUTUMAYO;FRUTALES;BANANITO;10517
PUTUMAYO;FRUTALES;BANANO;287
PUTUMAYO;FRUTALES;CHIRO;1511
PUTUMAYO;FRUTALES;CHONTADURO;11067
PUTUMAYO;FRUTALES;COPOAZU;207
PUTUMAYO;FRUTALES;GRANADILLA;188
PUTUMAYO;FRUTALES;LULO;721
PUTUMAYO;FRUTALES;MANZANA;102
PUTUMAYO;FRUTALES;MORA;108
PUTUMAYO;FRUTALES;PAPAYUELA;10
PUTUMAYO;FRUTALES;PI헤;5381
PUTUMAYO;FRUTALES;TOMATE DE ARBOL;369
PUTUMAYO;HORTALIZAS;ACELGA;1,5
PUTUMAYO;HORTALIZAS;CEBOLLA DE RAMA;1
PUTUMAYO;HORTALIZAS;CILANTRO;1
PUTUMAYO;HORTALIZAS;LECHUGA;2
PUTUMAYO;HORTALIZAS;PALMITO;3589
PUTUMAYO;HORTALIZAS;REPOLLO;1
PUTUMAYO;HORTALIZAS;TOMATE;185
PUTUMAYO;HORTALIZAS;ZANAHORIA;2
PUTUMAYO;LEGUMINOSAS;ARVEJA;88,5
PUTUMAYO;LEGUMINOSAS;FRIJOL;3513
PUTUMAYO;LEGUMINOSAS;MANI;120
PUTUMAYO;OLEAGINOSAS;SACHA INCHI;77
PUTUMAYO;OTROS PERMANENTES;CACAO;7730
PUTUMAYO;OTROS PERMANENTES;CAFE;337
PUTUMAYO;OTROS PERMANENTES;CA헤 PANELERA;15442
PUTUMAYO;PLANTAS AROMATICAS, CONDIMENTARIAS Y MEDICINALES;ALBAHACA;77
PUTUMAYO;PLANTAS AROMATICAS, CONDIMENTARIAS Y MEDICINALES;PIMIENTA;1343
PUTUMAYO;PLANTAS AROMATICAS, CONDIMENTARIAS Y MEDICINALES;PLANTAS AROMATICAS;78
PUTUMAYO;TUBERCULOS Y PLATANOS;PAPA;118,5
PUTUMAYO;TUBERCULOS Y PLATANOS;PAPA CRIOLLA;17
PUTUMAYO;TUBERCULOS Y PLATANOS;PLATANO;38194
PUTUMAYO;TUBERCULOS Y PLATANOS;YOTA;65
PUTUMAYO;TUBERCULOS Y PLATANOS;YUCA;17359
QUINDIO;CEREALES;MAIZ TECNIFICADO;1963
QUINDIO;CEREALES;MAIZ TRADICIONAL;2905,5
QUINDIO;FLORES Y FOLLAJES;ANTURIO;3
QUINDIO;FLORES Y FOLLAJES;ASPARRAGUS;47
QUINDIO;FLORES Y FOLLAJES;CARTUCHO-ASTROMELIA;6
QUINDIO;FLORES Y FOLLAJES;CORDELINE CINTA;5
QUINDIO;FLORES Y FOLLAJES;EUCALIPTO BABY BLUE;80
QUINDIO;FLORES Y FOLLAJES;FITOSPORUM;1
QUINDIO;FLORES Y FOLLAJES;FLORES Y FOLLAJES;12
QUINDIO;FLORES Y FOLLAJES;HELECHO CUERO;75
QUINDIO;FLORES Y FOLLAJES;HELICONIA;195
QUINDIO;FLORES Y FOLLAJES;POMPON Y CRISANTEMO;56,5
QUINDIO;FLORES Y FOLLAJES;ROSA;4
QUINDIO;FORESTALES;CAUCHO;28
QUINDIO;FRUTALES;AGUACATE;5636
QUINDIO;FRUTALES;BANANITO;382
QUINDIO;FRUTALES;BANANO;7522
QUINDIO;FRUTALES;CHOLUPA;9
QUINDIO;FRUTALES;CITRICOS;23158
QUINDIO;FRUTALES;FRESA;2
QUINDIO;FRUTALES;GRANADILLA;669
QUINDIO;FRUTALES;GUANABANA;47
QUINDIO;FRUTALES;GUAYABA;215
QUINDIO;FRUTALES;GULUPA;5
QUINDIO;FRUTALES;LULO;848
QUINDIO;FRUTALES;MACADAMIA;1258
QUINDIO;FRUTALES;MANGOSTINO;33
QUINDIO;FRUTALES;MARACUYA;581
QUINDIO;FRUTALES;MORA;794
QUINDIO;FRUTALES;NARANJA;0
QUINDIO;FRUTALES;PAPAYA;573
QUINDIO;FRUTALES;PI헤;3147
QUINDIO;FRUTALES;PITAHAYA;21
QUINDIO;FRUTALES;TOMATE DE ARBOL;143
QUINDIO;FRUTALES;UCHUVA;1
QUINDIO;FRUTALES;UVA;6
QUINDIO;HORTALIZAS;AHUYAMA;563
QUINDIO;HORTALIZAS;AJI;6
QUINDIO;HORTALIZAS;CEBOLLA DE BULBO;1
QUINDIO;HORTALIZAS;CEBOLLA DE RAMA;12
QUINDIO;HORTALIZAS;COLIFLOR;0
QUINDIO;HORTALIZAS;HORTALIZAS VARIAS;42
QUINDIO;HORTALIZAS;LECHUGA;2
QUINDIO;HORTALIZAS;PEPINO COHOMBRO;20
QUINDIO;HORTALIZAS;PEPINO GUISO;0
QUINDIO;HORTALIZAS;PIMENTON;40
QUINDIO;HORTALIZAS;REPOLLO;0
QUINDIO;HORTALIZAS;TOMATE;636
QUINDIO;HORTALIZAS;TOMATE INVERNADERO;330,5
QUINDIO;LEGUMINOSAS;ARVEJA;65
QUINDIO;LEGUMINOSAS;FRIJOL;2509
QUINDIO;LEGUMINOSAS;HABICHUELA;188
QUINDIO;LEGUMINOSAS;SOYA;31
QUINDIO;OTROS PERMANENTES;CACAO;494
QUINDIO;OTROS PERMANENTES;CAFE;153349
QUINDIO;OTROS PERMANENTES;CA헤 AZUCARERA;1069
QUINDIO;OTROS PERMANENTES;CA헤 PANELERA;1886
QUINDIO;OTROS TRANSITORIOS;TABACO RUBIO;175
QUINDIO;PLANTAS AROMATICAS, CONDIMENTARIAS Y MEDICINALES;CURCUMA;45
QUINDIO;PLANTAS AROMATICAS, CONDIMENTARIAS Y MEDICINALES;PLANTAS AROMATICAS;36
QUINDIO;PLANTAS AROMATICAS, CONDIMENTARIAS Y MEDICINALES;RUSCUS;4
QUINDIO;PLANTAS AROMATICAS, CONDIMENTARIAS Y MEDICINALES;SABILA;9
QUINDIO;TUBERCULOS Y PLATANOS;ARRACACHA;43
QUINDIO;TUBERCULOS Y PLATANOS;PAPA;128,5
QUINDIO;TUBERCULOS Y PLATANOS;PLATANO;192398
QUINDIO;TUBERCULOS Y PLATANOS;YUCA;4149
RISARALDA;CEREALES;MAIZ TECNIFICADO;3006
RISARALDA;CEREALES;MAIZ TRADICIONAL;4608
RISARALDA;FIBRAS;ESTROPAJO;35
RISARALDA;FIBRAS;FIQUE;992
RISARALDA;FLORES Y FOLLAJES;FLORES Y FOLLAJES;1466
RISARALDA;FRUTALES;AGUACATE;7227
RISARALDA;FRUTALES;BANANITO;2150
RISARALDA;FRUTALES;BANANO;4649
RISARALDA;FRUTALES;BOROJO;54
RISARALDA;FRUTALES;CHONTADURO;1802
RISARALDA;FRUTALES;FRESA;2
RISARALDA;FRUTALES;GRANADILLA;875
RISARALDA;FRUTALES;GUANABANA;1000
RISARALDA;FRUTALES;GUAYABA PERA;449
RISARALDA;FRUTALES;LIMA TAHITI;418
RISARALDA;FRUTALES;LULO;1866
RISARALDA;FRUTALES;MACADAMIA;16
RISARALDA;FRUTALES;MANDARINA;607
RISARALDA;FRUTALES;MANGOSTINO;4
RISARALDA;FRUTALES;MARACUYA;10
RISARALDA;FRUTALES;MORA;2889
RISARALDA;FRUTALES;NARANJA;4054
RISARALDA;FRUTALES;PAPAYA;25
RISARALDA;FRUTALES;PI헤;1601
RISARALDA;FRUTALES;PITAHAYA;15
RISARALDA;FRUTALES;TOMATE DE ARBOL;741
RISARALDA;HORTALIZAS;CEBOLLA DE RAMA;1857
RISARALDA;HORTALIZAS;ESPARRAGO;126
RISARALDA;HORTALIZAS;HORTALIZAS VARIAS;123
RISARALDA;HORTALIZAS;PEPINO COHOMBRO;39
RISARALDA;HORTALIZAS;PIMENTON;26,5
RISARALDA;HORTALIZAS;TOMATE;1078,5
RISARALDA;HORTALIZAS;TOMATE INVERNADERO;293
RISARALDA;HORTALIZAS;ZANAHORIA;2,5
RISARALDA;LEGUMINOSAS;ARVEJA;74,5
RISARALDA;LEGUMINOSAS;FRIJOL;2677
RISARALDA;LEGUMINOSAS;HABICHUELA;113,5
RISARALDA;OTROS PERMANENTES;CACAO;7028
RISARALDA;OTROS PERMANENTES;CAFE;324115
RISARALDA;OTROS PERMANENTES;CA헤 AZUCARERA;16151
RISARALDA;OTROS PERMANENTES;CA헤 PANELERA;24938
RISARALDA;OTROS TRANSITORIOS;TABACO RUBIO;6
RISARALDA;PLANTAS AROMATICAS, CONDIMENTARIAS Y MEDICINALES;PLANTAS AROMATICAS;85
RISARALDA;PLANTAS AROMATICAS, CONDIMENTARIAS Y MEDICINALES;PLANTAS AROMATICAS Y MEDICINALES;56
RISARALDA;PLANTAS AROMATICAS, CONDIMENTARIAS Y MEDICINALES;SABILA;22
RISARALDA;TUBERCULOS Y PLATANOS;ARRACACHA;65
RISARALDA;TUBERCULOS Y PLATANOS;PAPA;5
RISARALDA;TUBERCULOS Y PLATANOS;PLATANO;129984
RISARALDA;TUBERCULOS Y PLATANOS;PLATANO EXPORTACION;131
RISARALDA;TUBERCULOS Y PLATANOS;YUCA;1260
SAN ANDRES Y PROVIDENCIA;CEREALES;MAIZ TRADICIONAL;0
SAN ANDRES Y PROVIDENCIA;FRUTALES;COCO;8
SAN ANDRES Y PROVIDENCIA;FRUTALES;PAPAYA;1
SAN ANDRES Y PROVIDENCIA;FRUTALES;PATILLA;0
SAN ANDRES Y PROVIDENCIA;HORTALIZAS;BERENJENA;0
SAN ANDRES Y PROVIDENCIA;HORTALIZAS;PEPINO COHOMBRO;0
SAN ANDRES Y PROVIDENCIA;OTROS PERMANENTES;CA헤 MIEL;0
SAN ANDRES Y PROVIDENCIA;TUBERCULOS Y PLATANOS;BATATA;1
SAN ANDRES Y PROVIDENCIA;TUBERCULOS Y PLATANOS;MALANGA;0
SAN ANDRES Y PROVIDENCIA;TUBERCULOS Y PLATANOS;PLATANO;0
SAN ANDRES Y PROVIDENCIA;TUBERCULOS Y PLATANOS;YUCA;4
SANTANDER;CEREALES;ARROZ RIEGO;3956,5
SANTANDER;CEREALES;ARROZ SECANO MANUAL;1635
SANTANDER;CEREALES;ARROZ SECANO MECANIZADO;204
SANTANDER;CEREALES;AVENA;60
SANTANDER;CEREALES;CEBADA;326,5
SANTANDER;CEREALES;MAIZ FORRAJERO;117
SANTANDER;CEREALES;MAIZ TECNIFICADO;6783,5
SANTANDER;CEREALES;MAIZ TRADICIONAL;61527
SANTANDER;CEREALES;MILLO;735
SANTANDER;CEREALES;SORGO;1071
SANTANDER;CEREALES;TRIGO;910
SANTANDER;FIBRAS;ESTROPAJO;1
SANTANDER;FIBRAS;FIQUE;18775
SANTANDER;FLORES Y FOLLAJES;HELICONIA;79
SANTANDER;FLORES Y FOLLAJES;ORQUIDEA;1
SANTANDER;FORESTALES;CAUCHO;49107
SANTANDER;FRUTALES;AGUACATE;14455
SANTANDER;FRUTALES;BADEA;30
SANTANDER;FRUTALES;BANANITO;3032
SANTANDER;FRUTALES;BANANO;8583
SANTANDER;FRUTALES;CADUCIFOLIOS;34
SANTANDER;FRUTALES;CHIRIMOYA;181
SANTANDER;FRUTALES;CITRICOS;23324
SANTANDER;FRUTALES;CURUBA;307
SANTANDER;FRUTALES;DURAZNO;248
SANTANDER;FRUTALES;FEIJOA;30
SANTANDER;FRUTALES;FRESA;37
SANTANDER;FRUTALES;FRUTALES VARIOS;127
SANTANDER;FRUTALES;GRANADILLA;215
SANTANDER;FRUTALES;GUANABANA;2284
SANTANDER;FRUTALES;GUAYABA;24906
SANTANDER;FRUTALES;GUAYABA PERA;2147
SANTANDER;FRUTALES;GULUPA;137
SANTANDER;FRUTALES;LIMA TAHITI;877
SANTANDER;FRUTALES;LIMON;3038
SANTANDER;FRUTALES;LIMON TAHITI;1174
SANTANDER;FRUTALES;LULO;2494
SANTANDER;FRUTALES;MAMONCILLO;5
SANTANDER;FRUTALES;MANDARINA;28177
SANTANDER;FRUTALES;MANGO;542
SANTANDER;FRUTALES;MARACUYA;2176
SANTANDER;FRUTALES;MELON;1459
SANTANDER;FRUTALES;MORA;10278
SANTANDER;FRUTALES;NARANJA;11513
SANTANDER;FRUTALES;NISPERO;10
SANTANDER;FRUTALES;NONI;6
SANTANDER;FRUTALES;PAPAYA;1139
SANTANDER;FRUTALES;PATILLA;954,5
SANTANDER;FRUTALES;PI헤;47675
SANTANDER;FRUTALES;PITAHAYA;691
SANTANDER;FRUTALES;TANGELO MINEOLA;23
SANTANDER;FRUTALES;TOMATE DE ARBOL;951
SANTANDER;FRUTALES;UCHUVA;2
SANTANDER;FRUTALES;UVA;29
SANTANDER;FRUTALES;ZAPOTE;5
SANTANDER;HORTALIZAS;ACELGA;14,5
SANTANDER;HORTALIZAS;AHUYAMA;1189,5
SANTANDER;HORTALIZAS;AJI;138,5
SANTANDER;HORTALIZAS;AJO;590
SANTANDER;HORTALIZAS;APIO;119
SANTANDER;HORTALIZAS;CEBOLLA DE BULBO;787
SANTANDER;HORTALIZAS;CEBOLLA DE RAMA;6489,5
SANTANDER;HORTALIZAS;CILANTRO;79
SANTANDER;HORTALIZAS;HORTALIZAS VARIAS;959,5
SANTANDER;HORTALIZAS;LECHUGA;13,5
SANTANDER;HORTALIZAS;PEPINO COHOMBRO;624,5
SANTANDER;HORTALIZAS;PIMENTON;1550
SANTANDER;HORTALIZAS;REPOLLO;27
SANTANDER;HORTALIZAS;TOMATE;5508,5
SANTANDER;HORTALIZAS;TOMATE INVERNADERO;6,5
SANTANDER;HORTALIZAS;ZANAHORIA;42,5
SANTANDER;LEGUMINOSAS;ARVEJA;2130
SANTANDER;LEGUMINOSAS;FRIJOL;33114
SANTANDER;LEGUMINOSAS;HABA;24
SANTANDER;LEGUMINOSAS;HABICHUELA;1994
SANTANDER;OLEAGINOSAS;PALMA DE ACEITE;391557
SANTANDER;OTROS PERMANENTES;CACAO;274788
SANTANDER;OTROS PERMANENTES;CAFE;259463
SANTANDER;OTROS PERMANENTES;CA헤 MIEL;12
SANTANDER;OTROS PERMANENTES;CA헤 PANELERA;151377
SANTANDER;OTROS PERMANENTES;TABACO NEGRO;15248
SANTANDER;OTROS TRANSITORIOS;TABACO RUBIO;17359,5
SANTANDER;PLANTAS AROMATICAS, CONDIMENTARIAS Y MEDICINALES;CALENDULA;0
SANTANDER;PLANTAS AROMATICAS, CONDIMENTARIAS Y MEDICINALES;PLANTAS AROMATICAS;0
SANTANDER;PLANTAS AROMATICAS, CONDIMENTARIAS Y MEDICINALES;SABILA;165
SANTANDER;TUBERCULOS Y PLATANOS;ARRACACHA;1610
SANTANDER;TUBERCULOS Y PLATANOS;PAPA;25429
SANTANDER;TUBERCULOS Y PLATANOS;PAPA CRIOLLA;459
SANTANDER;TUBERCULOS Y PLATANOS;PLATANO;81947
SANTANDER;TUBERCULOS Y PLATANOS;YUCA;64552
SUCRE;CEREALES;ARROZ SECANO MANUAL;33262,5
SUCRE;CEREALES;ARROZ SECANO MECANIZADO;115292
SUCRE;CEREALES;MAIZ TECNIFICADO;65518
SUCRE;CEREALES;MAIZ TRADICIONAL;35377
SUCRE;CEREALES;SORGO;1125
SUCRE;FIBRAS;ALGODON;16017
SUCRE;FIBRAS;CA헤 FLECHA;250
SUCRE;FRUTALES;AGUACATE;3121
SUCRE;FRUTALES;COCO;3674
SUCRE;FRUTALES;GUAYABA;150
SUCRE;FRUTALES;GUAYABA PERA;10
SUCRE;FRUTALES;LIMON;89
SUCRE;FRUTALES;MANGO;1247
SUCRE;FRUTALES;MARACUYA;314
SUCRE;FRUTALES;MELON;666
SUCRE;FRUTALES;NARANJA;690
SUCRE;FRUTALES;PAPAYA;165
SUCRE;FRUTALES;PATILLA;4797,5
SUCRE;FRUTALES;PI헤;31
SUCRE;FRUTALES;ZAPOTE;400
SUCRE;HORTALIZAS;AHUYAMA;410
SUCRE;HORTALIZAS;AJI;710,5
SUCRE;HORTALIZAS;BERENJENA;263,5
SUCRE;HORTALIZAS;COL;37,5
SUCRE;HORTALIZAS;PEPINO COHOMBRO;27
SUCRE;LEGUMINOSAS;FRIJOL;1264
SUCRE;LEGUMINOSAS;HABICHUELA;99,5
SUCRE;OLEAGINOSAS;AJONJOLI;2638,5
SUCRE;OLEAGINOSAS;PALMA DE ACEITE;1443
SUCRE;OTROS PERMANENTES;CACAO;774
SUCRE;OTROS PERMANENTES;CA헤 PANELERA;1724
SUCRE;OTROS PERMANENTES;TABACO NEGRO;4913
SUCRE;OTROS TRANSITORIOS;TABACO RUBIO;1280
SUCRE;TUBERCULOS Y PLATANOS;BATATA;92
SUCRE;TUBERCULOS Y PLATANOS;헤ME;29156
SUCRE;TUBERCULOS Y PLATANOS;헤ME ESPINO;3475
SUCRE;TUBERCULOS Y PLATANOS;PLATANO;8503
SUCRE;TUBERCULOS Y PLATANOS;YUCA;115491
SUCRE;TUBERCULOS Y PLATANOS;YUCA INDUSTRIAL;7754
TOLIMA;CEREALES;ARROZ RIEGO;380049
TOLIMA;CEREALES;MAIZ FORRAJERO;47,5
TOLIMA;CEREALES;MAIZ TECNIFICADO;75221,5
TOLIMA;CEREALES;MAIZ TRADICIONAL;62277,5
TOLIMA;CEREALES;SORGO;29713
TOLIMA;FIBRAS;ALGODON;53019
TOLIMA;FIBRAS;ESTROPAJO;58
TOLIMA;FLORES Y FOLLAJES;HELICONIA;27
TOLIMA;FRUTALES;AGUACATE;47998
TOLIMA;FRUTALES;ANON;860
TOLIMA;FRUTALES;BANANITO;1220
TOLIMA;FRUTALES;BANANO;16050
TOLIMA;FRUTALES;BREVO;101
TOLIMA;FRUTALES;CHIRIMOYA;10
TOLIMA;FRUTALES;CHOLUPA;794
TOLIMA;FRUTALES;CIRUELA;1236
TOLIMA;FRUTALES;CURUBA;1797
TOLIMA;FRUTALES;GRANADILLA;1261
TOLIMA;FRUTALES;GUANABANA;4476
TOLIMA;FRUTALES;GUAYABA;8351
TOLIMA;FRUTALES;GULUPA;62
TOLIMA;FRUTALES;LIMA TAHITI;1120
TOLIMA;FRUTALES;LIMON;18137
TOLIMA;FRUTALES;LULO;3894
TOLIMA;FRUTALES;MAMONCILLO;126
TOLIMA;FRUTALES;MANDARINA;1214
TOLIMA;FRUTALES;MANGO;25919
TOLIMA;FRUTALES;MANGOSTINO;297
TOLIMA;FRUTALES;MARACUYA;763
TOLIMA;FRUTALES;MELON;134,5
TOLIMA;FRUTALES;MORA;3018
TOLIMA;FRUTALES;NARANJA;9945
TOLIMA;FRUTALES;PAPAYA;1993
TOLIMA;FRUTALES;PATILLA;1030
TOLIMA;FRUTALES;PI헤;399
TOLIMA;FRUTALES;PITAHAYA;143
TOLIMA;FRUTALES;TOMATE DE ARBOL;4070
TOLIMA;FRUTALES;TORONJA;2
TOLIMA;FRUTALES;UCHUVA;91
TOLIMA;HORTALIZAS;ACELGA;5
TOLIMA;HORTALIZAS;AHUYAMA;1443
TOLIMA;HORTALIZAS;AJI;3
TOLIMA;HORTALIZAS;CEBOLLA DE BULBO;130
TOLIMA;HORTALIZAS;CEBOLLA DE RAMA;577
TOLIMA;HORTALIZAS;CILANTRO;1228
TOLIMA;HORTALIZAS;HORTALIZAS VARIAS;25
TOLIMA;HORTALIZAS;LECHUGA;2
TOLIMA;HORTALIZAS;PEPINO COHOMBRO;128,5
TOLIMA;HORTALIZAS;PEPINO GUISO;210
TOLIMA;HORTALIZAS;PIMENTON;335
TOLIMA;HORTALIZAS;REMOLACHA;30
TOLIMA;HORTALIZAS;REPOLLO;281
TOLIMA;HORTALIZAS;TOMATE;3286,5
TOLIMA;HORTALIZAS;ZANAHORIA;907,5
TOLIMA;LEGUMINOSAS;ARVEJA;9969
TOLIMA;LEGUMINOSAS;FRIJOL;50427,5
TOLIMA;LEGUMINOSAS;HABICHUELA;2306,5
TOLIMA;LEGUMINOSAS;MANI;5767,5
TOLIMA;OLEAGINOSAS;AJONJOLI;825,5
TOLIMA;OLEAGINOSAS;PALMA DE ACEITE;192
TOLIMA;OTROS PERMANENTES;CACAO;60335
TOLIMA;OTROS PERMANENTES;CAFE;643761
TOLIMA;OTROS PERMANENTES;CA헤 PANELERA;81781
TOLIMA;OTROS PERMANENTES;TABACO NEGRO;185
TOLIMA;OTROS TRANSITORIOS;TABACO RUBIO;339
TOLIMA;PLANTAS AROMATICAS, CONDIMENTARIAS Y MEDICINALES;ALBAHACA;33
TOLIMA;PLANTAS AROMATICAS, CONDIMENTARIAS Y MEDICINALES;FLOR DE JAMAICA;379
TOLIMA;PLANTAS AROMATICAS, CONDIMENTARIAS Y MEDICINALES;PLANTAS AROMATICAS;5
TOLIMA;TUBERCULOS Y PLATANOS;ACHIRA;4
TOLIMA;TUBERCULOS Y PLATANOS;ARRACACHA;22076
TOLIMA;TUBERCULOS Y PLATANOS;CACHACO;10630
TOLIMA;TUBERCULOS Y PLATANOS;PAPA;10823
TOLIMA;TUBERCULOS Y PLATANOS;PAPA CRIOLLA;1325
TOLIMA;TUBERCULOS Y PLATANOS;PLATANO;142659
TOLIMA;TUBERCULOS Y PLATANOS;YUCA;16047
VALLE DEL CAUCA;CEREALES;ARROZ RIEGO;19171,5
VALLE DEL CAUCA;CEREALES;ARROZ SECANO MECANIZADO;261
VALLE DEL CAUCA;CEREALES;MAIZ FORRAJERO;3
VALLE DEL CAUCA;CEREALES;MAIZ TECNIFICADO;81843,5
VALLE DEL CAUCA;CEREALES;MAIZ TRADICIONAL;15603,5
VALLE DEL CAUCA;CEREALES;SORGO;9869,5
VALLE DEL CAUCA;FIBRAS;ALGODON;2618
VALLE DEL CAUCA;FIBRAS;IRACA;78
VALLE DEL CAUCA;FLORES Y FOLLAJES;ANTURIO;36
VALLE DEL CAUCA;FLORES Y FOLLAJES;FLORES Y FOLLAJES;11
VALLE DEL CAUCA;FLORES Y FOLLAJES;GIRASOL;10,5
VALLE DEL CAUCA;FLORES Y FOLLAJES;HELICONIA;48
VALLE DEL CAUCA;FLORES Y FOLLAJES;POMPON Y CRISANTEMO;0
VALLE DEL CAUCA;FRUTALES;AGUACATE;9335
VALLE DEL CAUCA;FRUTALES;BANANITO;2042
VALLE DEL CAUCA;FRUTALES;BANANO;43760
VALLE DEL CAUCA;FRUTALES;BOROJO;4901
VALLE DEL CAUCA;FRUTALES;BREVO;17
VALLE DEL CAUCA;FRUTALES;CHONTADURO;21005
VALLE DEL CAUCA;FRUTALES;CIRUELA;54
VALLE DEL CAUCA;FRUTALES;CITRICOS;31269
VALLE DEL CAUCA;FRUTALES;COCO;1947
VALLE DEL CAUCA;FRUTALES;CURUBA;382
VALLE DEL CAUCA;FRUTALES;DURAZNO;95
VALLE DEL CAUCA;FRUTALES;FRESA;14
VALLE DEL CAUCA;FRUTALES;GRANADILLA;1116
VALLE DEL CAUCA;FRUTALES;GUANABANA;3661
VALLE DEL CAUCA;FRUTALES;GUAYABA;5433
VALLE DEL CAUCA;FRUTALES;GUAYABA MANZANA;62
VALLE DEL CAUCA;FRUTALES;GUAYABA PERA;3098
VALLE DEL CAUCA;FRUTALES;GULUPA;13
VALLE DEL CAUCA;FRUTALES;LIMA TAHITI;1
VALLE DEL CAUCA;FRUTALES;LIMON;1174
VALLE DEL CAUCA;FRUTALES;LULO;6617
VALLE DEL CAUCA;FRUTALES;MACADAMIA;282
VALLE DEL CAUCA;FRUTALES;MANDARINA;1082
VALLE DEL CAUCA;FRUTALES;MANGO;987
VALLE DEL CAUCA;FRUTALES;MANZANA;25
VALLE DEL CAUCA;FRUTALES;MARACUYA;6514
VALLE DEL CAUCA;FRUTALES;MELON;2323
VALLE DEL CAUCA;FRUTALES;MORA;4826
VALLE DEL CAUCA;FRUTALES;NARANJA;2061
VALLE DEL CAUCA;FRUTALES;PAPAYA;8083
VALLE DEL CAUCA;FRUTALES;PATILLA;10,5
VALLE DEL CAUCA;FRUTALES;PI헤;9322
VALLE DEL CAUCA;FRUTALES;PITAHAYA;869
VALLE DEL CAUCA;FRUTALES;TOMATE DE ARBOL;1669
VALLE DEL CAUCA;FRUTALES;UVA;14001
VALLE DEL CAUCA;FRUTALES;ZAPOTE;364
VALLE DEL CAUCA;HORTALIZAS;ACELGA;16
VALLE DEL CAUCA;HORTALIZAS;AHUYAMA;1969,5
VALLE DEL CAUCA;HORTALIZAS;AJI;993
VALLE DEL CAUCA;HORTALIZAS;BERENJENA;146,5
VALLE DEL CAUCA;HORTALIZAS;CALABACIN;1
VALLE DEL CAUCA;HORTALIZAS;CEBOLLA DE BULBO;484
VALLE DEL CAUCA;HORTALIZAS;CEBOLLA DE RAMA;2417
VALLE DEL CAUCA;HORTALIZAS;CILANTRO;1319
VALLE DEL CAUCA;HORTALIZAS;HORTALIZAS VARIAS;4
VALLE DEL CAUCA;HORTALIZAS;LECHUGA;341
VALLE DEL CAUCA;HORTALIZAS;PEPINO COHOMBRO;1010
VALLE DEL CAUCA;HORTALIZAS;PEPINO GUISO;63,5
VALLE DEL CAUCA;HORTALIZAS;PIMENTON;2191
VALLE DEL CAUCA;HORTALIZAS;RABANO;77,5
VALLE DEL CAUCA;HORTALIZAS;REMOLACHA;23,5
VALLE DEL CAUCA;HORTALIZAS;REPOLLO;1348,5
VALLE DEL CAUCA;HORTALIZAS;TOMATE;6698
VALLE DEL CAUCA;HORTALIZAS;TOMATE INVERNADERO;24,5
VALLE DEL CAUCA;HORTALIZAS;ZANAHORIA;694,5
VALLE DEL CAUCA;LEGUMINOSAS;ARVEJA;933,5
VALLE DEL CAUCA;LEGUMINOSAS;FRIJOL LADERA;9503,5
VALLE DEL CAUCA;LEGUMINOSAS;FRIJOL PLANA;637,5
VALLE DEL CAUCA;LEGUMINOSAS;HABA;42,5
VALLE DEL CAUCA;LEGUMINOSAS;HABICHUELA;3041
VALLE DEL CAUCA;LEGUMINOSAS;MANI;0
VALLE DEL CAUCA;LEGUMINOSAS;SOYA;14976,5
VALLE DEL CAUCA;OTROS PERMANENTES;CACAO;6915
VALLE DEL CAUCA;OTROS PERMANENTES;CAFE;471082
VALLE DEL CAUCA;OTROS PERMANENTES;CA헤 AZUCARERA;994931
VALLE DEL CAUCA;OTROS PERMANENTES;CA헤 PANELERA;42141
VALLE DEL CAUCA;OTROS PERMANENTES;MORERA;83
VALLE DEL CAUCA;OTROS TRANSITORIOS;TABACO RUBIO;580
VALLE DEL CAUCA;PLANTAS AROMATICAS, CONDIMENTARIAS Y MEDICINALES;ACHIOTE (BIJA);9
VALLE DEL CAUCA;PLANTAS AROMATICAS, CONDIMENTARIAS Y MEDICINALES;CIMARRON;568
VALLE DEL CAUCA;PLANTAS AROMATICAS, CONDIMENTARIAS Y MEDICINALES;PEREJIL;55
VALLE DEL CAUCA;PLANTAS AROMATICAS, CONDIMENTARIAS Y MEDICINALES;PLANTAS AROMATICAS;542
VALLE DEL CAUCA;PLANTAS AROMATICAS, CONDIMENTARIAS Y MEDICINALES;SABILA;4
VALLE DEL CAUCA;PLANTAS AROMATICAS, CONDIMENTARIAS Y MEDICINALES;TE;300
VALLE DEL CAUCA;TUBERCULOS Y PLATANOS;ARRACACHA;2562
VALLE DEL CAUCA;TUBERCULOS Y PLATANOS;PAPA;1119
VALLE DEL CAUCA;TUBERCULOS Y PLATANOS;PAPA CHINA;1853
VALLE DEL CAUCA;TUBERCULOS Y PLATANOS;PAPA CRIOLLA;775
VALLE DEL CAUCA;TUBERCULOS Y PLATANOS;PLATANO;132803
VALLE DEL CAUCA;TUBERCULOS Y PLATANOS;YUCA;5566
VAUPES;CEREALES;ARROZ SECANO MANUAL;103,5
VAUPES;CEREALES;MAIZ TRADICIONAL;756
VAUPES;FRUTALES;CHONTADURO;1088
VAUPES;FRUTALES;COPOAZU;20
VAUPES;FRUTALES;FRUTALES VARIOS;11
VAUPES;FRUTALES;GUAMA;8
VAUPES;FRUTALES;MANDARINA;10
VAUPES;FRUTALES;NARANJA;10
VAUPES;FRUTALES;PI헤;458
VAUPES;FRUTALES;UVA CAIMARONA;48
VAUPES;FRUTALES;ZAPOTE;1
VAUPES;HORTALIZAS;AJI;16,5
VAUPES;HORTALIZAS;CEBOLLA DE RAMA;3,5
VAUPES;OTROS PERMANENTES;CA헤 MIEL;21
VAUPES;OTROS PERMANENTES;CA헤 PANELERA;3
VAUPES;TUBERCULOS Y PLATANOS;헤ME;16
VAUPES;TUBERCULOS Y PLATANOS;PLATANO;372
VAUPES;TUBERCULOS Y PLATANOS;YUCA;2095
VICHADA;CEREALES;ARROZ SECANO MANUAL;121
VICHADA;CEREALES;ARROZ SECANO MECANIZADO;1033,5
VICHADA;CEREALES;MAIZ TECNIFICADO;444
VICHADA;CEREALES;MAIZ TRADICIONAL;5112
VICHADA;FIBRAS;ALGODON;1280
VICHADA;FORESTALES;CAUCHO;1208
VICHADA;FRUTALES;AGUACATE;1
VICHADA;FRUTALES;BANANO;34
VICHADA;FRUTALES;GUAMA;37
VICHADA;FRUTALES;GUANABANA;361
VICHADA;FRUTALES;GUAYABA;447
VICHADA;FRUTALES;LIMON;187
VICHADA;FRUTALES;MANDARINA;185
VICHADA;FRUTALES;MANGO;265
VICHADA;FRUTALES;MARACUYA;6
VICHADA;FRUTALES;MARA헲N;1899
VICHADA;FRUTALES;MELON;66
VICHADA;FRUTALES;NARANJA;462
VICHADA;FRUTALES;NARANJA VALENCIA;10
VICHADA;FRUTALES;PAPAYA;61
VICHADA;FRUTALES;PATILLA;737
VICHADA;FRUTALES;PI헤;199
VICHADA;FRUTALES;TORONJA;51
VICHADA;HORTALIZAS;AHUYAMA;186
VICHADA;HORTALIZAS;AJI;21,5
VICHADA;HORTALIZAS;CILANTRO;4
VICHADA;HORTALIZAS;PEPINO COHOMBRO;21,5
VICHADA;HORTALIZAS;PIMENTON;19
VICHADA;HORTALIZAS;TOMATE;354
VICHADA;LEGUMINOSAS;FRIJOL;29
VICHADA;LEGUMINOSAS;HABICHUELA;12
VICHADA;LEGUMINOSAS;SOYA;6002,5
VICHADA;OLEAGINOSAS;PALMA DE ACEITE;5640
VICHADA;OTROS PERMANENTES;CACAO;916
VICHADA;OTROS PERMANENTES;CA헤 PANELERA;815
VICHADA;PLANTAS AROMATICAS, CONDIMENTARIAS Y MEDICINALES;FLOR DE JAMAICA;5
VICHADA;TUBERCULOS Y PLATANOS;BATATA;26,5
VICHADA;TUBERCULOS Y PLATANOS;PLATANO;2440
VICHADA;TUBERCULOS Y PLATANOS;YUCA;3802
